Integrated Amplifier;https://audio-database.com/Accuphase-kensonic/amp.JPG;https://audio-database.com/Accuphase-kensonic/amp/Integrated-Amplifier.html
Control Amplifier;https://audio-database.com/Accuphase-kensonic/amp2.JPG;https://audio-database.com/Accuphase-kensonic/amp/Control-amplifier.html
AV Control Amplifier;https://audio-database.com/Accuphase-kensonic/amp2.JPG;https://audio-database.com/Accuphase-kensonic/amp/Control-amplifier.html
Monaural Power Amplifier;https://audio-database.com/Accuphase-kensonic/amp3.JPG;https://audio-database.com/Accuphase-kensonic/amp/index3.html
Stereo power amplifier;https://audio-database.com/Accuphase-kensonic/amp3.JPG;https://audio-database.com/Accuphase-kensonic/amp/index3.html
Multi-channel power amplifier;https://audio-database.com/Accuphase-kensonic/amp3.JPG;https://audio-database.com/Accuphase-kensonic/amp/index3.htmlIntegrated Amplifier;https://audio-database.com/AIRTIGHT/amp.JPG;https://audio-database.com/AIRTIGHT/amp/index.html
Control Amplifier;https://audio-database.com/AIRTIGHT/amp.JPG;https://audio-database.com/AIRTIGHT/amp/index.html
Power Amplifier;https://audio-database.com/AIRTIGHT/amp.JPG;https://audio-database.com/AIRTIGHT/amp/index.htmlPremain Amplifier;https://audio-database.com/AIWA/amp.jpg;https://audio-database.com/AIWA/amp/index.html
Control Amplifier;https://audio-database.com/AIWA/amp.jpg;https://audio-database.com/AIWA/amp/index.html
Power Amplifier;https://audio-database.com/AIWA/amp.jpg;https://audio-database.com/AIWA/amp/index.htmlIntegrated Amplifier;https://audio-database.com/AKAI/amp.JPG;https://audio-database.com/AKAI/amp/index.html
Control Amplifier;https://audio-database.com/AKAI/amp.JPG;https://audio-database.com/AKAI/amp/index.html
Power Amplifier;https://audio-database.com/AKAI/amp.JPG;https://audio-database.com/AKAI/amp/index.html
4ch Amplifier;https://audio-database.com/AKAI/amp2.JPG;https://audio-database.com/AKAI/amp/index2.html
Receiver;https://audio-database.com/AKAI/amp2.JPG;https://audio-database.com/AKAI/amp/index2.html
AV Amplifier;https://audio-database.com/AKAI/amp2.JPG;https://audio-database.com/AKAI/amp/index2.htmlMonaural Power Amplifier;https://audio-database.com/ALTEC/amp.JPG;https://audio-database.com/ALTEC/amp/index.html
Stereo Power Amplifier;https://audio-database.com/ALTEC/amp.JPG;https://audio-database.com/ALTEC/amp/index.html
Tuner preamplifiers;https://audio-database.com/ALTEC/amp2.JPG;https://audio-database.com/ALTEC/amp/index2.html
crossover bi-amplifier;https://audio-database.com/ALTEC/amp2.JPG;https://audio-database.com/ALTEC/amp/index2.html
Mixer Power Amplifier;https://audio-database.com/ALTEC/amp2.JPG;https://audio-database.com/ALTEC/amp/index2.htmlIntegrated Amplifier;https://audio-database.com/AR/amp.JPG;https://audio-database.com/AR/amp/index.html
Control Amplifier;https://audio-database.com/AR/amp.JPG;https://audio-database.com/AR/amp/index.html
Power Amplifier;https://audio-database.com/AR/amp.JPG;https://audio-database.com/AR/amp/index.htmlControl Amplifier;https://audio-database.com/ATC/amp.JPG;https://audio-database.com/ATC/amp/index.html
Stereo Power Amplifier;https://audio-database.com/ATC/amp.JPG;https://audio-database.com/ATC/amp/index.htmlControl Amplifier;https://audio-database.com/AUDIO_OF_OREGON/amp.JPG;https://audio-database.com/AUDIO_OF_OREGON/amp/index.html
Stereo Power Amplifier;https://audio-database.com/AUDIO_OF_OREGON/amp.JPG;https://audio-database.com/AUDIO_OF_OREGON/amp/index.htmlIntegrated Amplifier;https://audio-database.com/AUREX/amp.JPG;https://audio-database.com/AUREX/amp/index.html
4cd Amplifier;https://audio-database.com/AUREX/amp.JPG;https://audio-database.com/AUREX/amp/index.html
Control Amplifier;https://audio-database.com/AUREX/amp2.JPG;https://audio-database.com/AUREX/amp/index2.html
Stereo Power Amplifier;https://audio-database.com/AUREX/amp2.JPG;https://audio-database.com/AUREX/amp/index2.html
Receiver;https://audio-database.com/AUREX/amp2.JPG;https://audio-database.com/AUREX/amp/index2.htmlControl Amplifier;https://audio-database.com/BEVERIDGE/amp.JPG;https://audio-database.com/BEVERIDGE/amp/index.htmlIntegrated Amplifier;https://audio-database.com/BOSE/amp.JPG;https://audio-database.com/BOSE/amp/index.htmlIntegrated Amplifier;https://audio-database.com/CEC/amp.JPG;https://audio-database.com/CEC/amp/index.htmlIntegrated Amplifier;https://audio-database.com/COPLAND/amp.JPG;https://audio-database.com/COPLAND/amp/index.html
Control Amplifier;https://audio-database.com/COPLAND/amp.JPG;https://audio-database.com/COPLAND/amp/index.html
Power Amplifier;https://audio-database.com/COPLAND/amp.JPG;https://audio-database.com/COPLAND/amp/index.htmlIntegrated Amplifier;https://audio-database.com/CORAL/amp.JPG;https://audio-database.com/CORAL/amp/index.html
Receiver;https://audio-database.com/CORAL/amp.JPG;https://audio-database.com/CORAL/amp/index.htmlControl Amplifier;https://audio-database.com/COUNTERPOINT/amp.JPG;https://audio-database.com/COUNTERPOINT/amp/index.html
Monaural Power Amplifier;https://audio-database.com/COUNTERPOINT/amp.JPG;https://audio-database.com/COUNTERPOINT/amp/index.html
Stereo Power Amplifier;https://audio-database.com/COUNTERPOINT/amp.JPG;https://audio-database.com/COUNTERPOINT/amp/index.htmlPower Amplifier;https://audio-database.com/DBX/amp.jpg;https://audio-database.com/DBX/amp/index.htmlIntegrated Amplifier;https://audio-database.com/DENON-COLUMBIA/amp.JPG;https://audio-database.com/DENON-COLUMBIA/amp/index.html
Control Amplifier;https://audio-database.com/DENON-COLUMBIA/amp2.JPG;https://audio-database.com/DENON-COLUMBIA/amp/index2.html
Monaural Power Amplifier;https://audio-database.com/DENON-COLUMBIA/amp2.JPG;https://audio-database.com/DENON-COLUMBIA/amp/index2.html
Stereo Power Amplifier;https://audio-database.com/DENON-COLUMBIA/amp2.JPG;https://audio-database.com/DENON-COLUMBIA/amp/index2.html
AV Control Amplifier;https://audio-database.com/DENON-COLUMBIA/amp2.JPG;https://audio-database.com/DENON-COLUMBIA/amp/index2.html
Multi Channel Power Amplifier;https://audio-database.com/DENON-COLUMBIA/amp2.JPG;https://audio-database.com/DENON-COLUMBIA/amp/index2.html
AV Amplifier;https://audio-database.com/DENON-COLUMBIA/amp3.JPG;https://audio-database.com/DENON-COLUMBIA/amp/index3.html
Receiver;https://audio-database.com/DENON-COLUMBIA/amp3.JPG;https://audio-database.com/DENON-COLUMBIA/amp/index3.htmlIntegrated Amplifier;https://audio-database.com/MITSUBISHI-DIATONE/amp.JPG;https://audio-database.com/MITSUBISHI-DIATONE/amp/index.html
Receiver;https://audio-database.com/MITSUBISHI-DIATONE/amp.JPG;https://audio-database.com/MITSUBISHI-DIATONE/amp/index.html
4ch Amplifier;https://audio-database.com/MITSUBISHI-DIATONE/amp.JPG;https://audio-database.com/MITSUBISHI-DIATONE/amp/index.html
AV Amplifier;https://audio-database.com/MITSUBISHI-DIATONE/amp.JPG;https://audio-database.com/MITSUBISHI-DIATONE/amp/index.html
Control Amplifier;https://audio-database.com/MITSUBISHI-DIATONE/amp2.JPG;https://audio-database.com/MITSUBISHI-DIATONE/amp/index2.html
AV Control Amplifier;https://audio-database.com/MITSUBISHI-DIATONE/amp2.JPG;https://audio-database.com/MITSUBISHI-DIATONE/amp/index2.html
Stereo Power Amplifier;https://audio-database.com/MITSUBISHI-DIATONE/amp2.JPG;https://audio-database.com/MITSUBISHI-DIATONE/amp/index2.html
Multi Channel Power Amplifier;https://audio-database.com/MITSUBISHI-DIATONE/amp2.JPG;https://audio-database.com/MITSUBISHI-DIATONE/amp/index2.htmlIntegrated Amplifier;https://audio-database.com/DYNACO-SCANDYNA/amp.JPG;https://audio-database.com/DYNACO-SCANDYNA/amp/index.html
Control Amplifier;https://audio-database.com/DYNACO-SCANDYNA/amp.JPG;https://audio-database.com/DYNACO-SCANDYNA/amp/index.html
Monaural Power Amplifier;https://audio-database.com/DYNACO-SCANDYNA/amp.JPG;https://audio-database.com/DYNACO-SCANDYNA/amp/index.html
Stereo Power Amplifier;https://audio-database.com/DYNACO-SCANDYNA/amp.JPG;https://audio-database.com/DYNACO-SCANDYNA/amp/index.htmlIntegrated Amplifier;https://audio-database.com/EROICA/amp.JPG;https://audio-database.com/EROICA/amp/index.html
Separate Amplifier;https://audio-database.com/EROICA/amp.JPG;https://audio-database.com/EROICA/amp/index.htmlPower Amplifier;https://audio-database.com/FOSTER-FOSTEX/amp.JPG;https://audio-database.com/FOSTER-FOSTEX/amp/index.htmlControl Amplifier;https://audio-database.com/GOLDMUND-STELLAVOX/amp.JPG;https://audio-database.com/GOLDMUND-STELLAVOX/amp/index.html
Power Amplifier;https://audio-database.com/GOLDMUND-STELLAVOX/amp.JPG;https://audio-database.com/GOLDMUND-STELLAVOX/amp/index.htmlSeparate Amplifier;https://audio-database.com/GRANTLUMLEY/amp.JPG;https://audio-database.com/GRANTLUMLEY/amp/index.htmlIntegrated Amplifier;https://audio-database.com/JBL/amp.JPG;https://audio-database.com/JBL/amp/index.html
Separate Amplifier;https://audio-database.com/JBL/amp.JPG;https://audio-database.com/JBL/amp/index.htmlIntegrated Amplifier;https://audio-database.com/KRELL/amp.JPG;https://audio-database.com/KRELL/amp/index.html
Control Amplifier;https://audio-database.com/KRELL/amp.JPG;https://audio-database.com/KRELL/amp/index.html
Monaural Amplifier;https://audio-database.com/KRELL/amp.JPG;https://audio-database.com/KRELL/amp/index.html
Stereo Power Amplifier;https://audio-database.com/KRELL/amp.JPG;https://audio-database.com/KRELL/amp/index.htmlIntegrated Amplifier;https://audio-database.com/LEAK/amp.JPG;https://audio-database.com/LEAK/amp/index.html
Receiver;https://audio-database.com/LEAK/amp.JPG;https://audio-database.com/LEAK/amp/index.htmlIntegrated Amplifier;https://audio-database.com/Lo-D-HITACHI/amp.JPG;https://audio-database.com/Lo-D-HITACHI/amp/index.html
Separate Amplifier;https://audio-database.com/Lo-D-HITACHI/amp.JPG;https://audio-database.com/Lo-D-HITACHI/amp/index.html
Receiver;https://audio-database.com/Lo-D-HITACHI/amp.JPG;https://audio-database.com/Lo-D-HITACHI/amp/index.htmlIntegrated Amplifier;https://audio-database.com/LUXMAN/amp.JPG;https://audio-database.com/LUXMAN/amp/index.html
Separate Amplifier;https://audio-database.com/LUXMAN/amp2.JPG;https://audio-database.com/LUXMAN/amp/index2.htmlIntegrated Amplifier;https://audio-database.com/MACTONE/amp.JPG;https://audio-database.com/MACTONE/amp/index.html
Separate Amplifier;https://audio-database.com/MACTONE/amp.JPG;https://audio-database.com/MACTONE/amp/index.htmlIntegrated Amplifier;https://audio-database.com/MARANTZ/amp.JPG;https://audio-database.com/MARANTZ/amp/index.html
Receiver;https://audio-database.com/MARANTZ/amp.JPG;https://audio-database.com/MARANTZ/amp/index.html
AV Amplifier;https://audio-database.com/MARANTZ/amp.JPG;https://audio-database.com/MARANTZ/amp/index.html
Separate Amplifier;https://audio-database.com/MARANTZ/amp2.JPG;https://audio-database.com/MARANTZ/amp/index2.htmlSeparate Amplifier;https://audio-database.com/MARK_LEVINSON/amp.JPG;https://audio-database.com/MARK_LEVINSON/amp/index.htmlIntegrated Amplifier;https://audio-database.com/MCINTOSH/amp.JPG;https://audio-database.com/MCINTOSH/amp/index.html
Separate Amplifier;https://audio-database.com/MCINTOSH/amp.JPG;https://audio-database.com/MCINTOSH/amp/index.html
Receiver;https://audio-database.com/MCINTOSH/amp.JPG;https://audio-database.com/MCINTOSH/amp/index.htmlSeparate Amplifier;https://audio-database.com/MERIDIAN/amp.JPG;https://audio-database.com/MERIDIAN/amp/index.htmlIntegrated Amplifier;https://audio-database.com/NAIMAUDIO/amp.JPG;https://audio-database.com/NAIMAUDIO/amp/index.htmlIntegrated Amplifier;https://audio-database.com/NAKAMICHI/amp.JPG;https://audio-database.com/NAKAMICHI/amp/index.html
Separate Amplifier;https://audio-database.com/NAKAMICHI/amp2.JPG;https://audio-database.com/NAKAMICHI/amp/index2.html
AV Amplifier;https://audio-database.com/NAKAMICHI/amp3.JPG;https://audio-database.com/NAKAMICHI/amp/index3.html
Receiver;https://audio-database.com/NAKAMICHI/amp3.JPG;https://audio-database.com/NAKAMICHI/amp/index3.htmlIntegrated Amplifier;https://audio-database.com/NEC/amp.JPG;https://audio-database.com/NEC/amp/index.html
Monaural Amplifier;https://audio-database.com/NEC/amp.JPG;https://audio-database.com/NEC/amp/index.html
Receiver;https://audio-database.com/NEC/amp.JPG;https://audio-database.com/NEC/amp/index.html
AV Amplifier;https://audio-database.com/NEC/amp.JPG;https://audio-database.com/NEC/amp/index.htmlIntegrated Amplifier(~70s;https://audio-database.com/ONKYO/amp.JPG;https://audio-database.com/ONKYO/amp/index.html
Integrated Amplifier(80s;https://audio-database.com/ONKYO/amp2.JPG;https://audio-database.com/ONKYO/amp/index2.html
Integrated Amplifier(90s;https://audio-database.com/ONKYO/amp3.JPG;https://audio-database.com/ONKYO/amp/index3.htmlIntegrated Amplifier;https://audio-database.com/PHILIPS/amp.JPG;https://audio-database.com/PHILIPS/amp/index.html
AV Control Amplifier;https://audio-database.com/PHILIPS/amp.JPG;https://audio-database.com/PHILIPS/amp/index.html
Stereo Power Amplifier;https://audio-database.com/PHILIPS/amp.JPG;https://audio-database.com/PHILIPS/amp/index.html
6ch Power Amplifier;https://audio-database.com/PHILIPS/amp.JPG;https://audio-database.com/PHILIPS/amp/index.html
Receiver;https://audio-database.com/PHILIPS/amp.JPG;https://audio-database.com/PHILIPS/amp/index.htmlIntegrated Amplifier;https://audio-database.com/PIONEER-EXCLUSIVE/amp.JPG;https://audio-database.com/PIONEER-EXCLUSIVE/amp/index.html
Separate Amplifier;https://audio-database.com/PIONEER-EXCLUSIVE/amp2.JPG;https://audio-database.com/PIONEER-EXCLUSIVE/amp/index2.html
Receiver;https://audio-database.com/PIONEER-EXCLUSIVE/amp3.JPG;https://audio-database.com/PIONEER-EXCLUSIVE/amp/index3.html
AV Amplifier;https://audio-database.com/PIONEER-EXCLUSIVE/amp3.JPG;https://audio-database.com/PIONEER-EXCLUSIVE/amp/index3.html
Other Amplifier;https://audio-database.com/PIONEER-EXCLUSIVE/amp3.JPG;https://audio-database.com/PIONEER-EXCLUSIVE/amp/index3.htmlSeparate Amplifier;https://audio-database.com/PRECISIONFIDELITY/amp.JPG;https://audio-database.com/PRECISIONFIDELITY/amplifier/index.htmlControl Amplifier;https://audio-database.com/QUAD/amp.JPG;https://audio-database.com/QUAD/amp/index.html
Power Amplifier;https://audio-database.com/QUAD/amp.JPG;https://audio-database.com/QUAD/amp/index.htmlIntegrated Amplifier;https://audio-database.com/ROTEL/amp.JPG;https://audio-database.com/ROTEL/amp/index.html
Separate Amplifier;https://audio-database.com/ROTEL/amp.JPG;https://audio-database.com/ROTEL/amp/index.html
Receiver;https://audio-database.com/ROTEL/amp.JPG;https://audio-database.com/ROTEL/amp/index.htmlControl Amplifier;https://audio-database.com/SAE/amp.JPG;https://audio-database.com/SAE/amp/index.html
Power Amplifier;https://audio-database.com/SAE/amp.JPG;https://audio-database.com/SAE/amp/index.htmlIntegrated Amplifier;https://audio-database.com/SANSUI/amp.JPG;https://audio-database.com/SANSUI/amp/index.html
Integrated Amplifier;https://audio-database.com/SANSUI/amp2.JPG;https://audio-database.com/SANSUI/amp/index2.html
607,707,907 Series;https://audio-database.com/SANSUI/amp2.JPG;https://audio-database.com/SANSUI/amp/index2.html
Control Amplifier;https://audio-database.com/SANSUI/amp3.JPG;https://audio-database.com/SANSUI/amp/index3.html
Tuner Pre Amplifier;https://audio-database.com/SANSUI/amp3.JPG;https://audio-database.com/SANSUI/amp/index3.html
4ch Pre Amplifier;https://audio-database.com/SANSUI/amp3.JPG;https://audio-database.com/SANSUI/amp/index3.html
Monaural Amplifier;https://audio-database.com/SANSUI/amp3.JPG;https://audio-database.com/SANSUI/amp/index3.html
Stereo Power Amplifier;https://audio-database.com/SANSUI/amp3.JPG;https://audio-database.com/SANSUI/amp/index3.htmlIntegrated Amplifier;https://audio-database.com/YAMAHA/amp.JPG;https://audio-database.com/YAMAHA/amp/index.html
Control Amplifier;https://audio-database.com/YAMAHA/amp2.JPG;https://audio-database.com/YAMAHA/amp/index2.html
Stereo Power Amplifier;https://audio-database.com/YAMAHA/amp2.JPG;https://audio-database.com/YAMAHA/amp/index2.html
AV Amplifier;https://audio-database.com/YAMAHA/amp3.JPG;https://audio-database.com/YAMAHA/amp/index3.html
Receiver;https://audio-database.com/YAMAHA/amp3.JPG;https://audio-database.com/YAMAHA/amp/index3.html
Surround Amplifier;https://audio-database.com/YAMAHA/amp3.JPG;https://audio-database.com/YAMAHA/amp/index3.html
Other Amplifier;https://audio-database.com/YAMAHA/amp3.JPG;https://audio-database.com/YAMAHA/amp/index3.html