Category;Category.Id;Category.ParentId;Category.Name;Category.Link;Category.PictureLink;Category.BaseLink;Category.FileName
WebScraper.Category;19;5;Loudspeaker;"";"";"";""
WebScraper.Category;5;0;speaker;"";"";"";""
WebScraper.Category;20;5;"center speaker";"";"";https://audio-database.com/AR;""
WebScraper.Category;21;5;subwoofer;"";"";https://audio-database.com/ADC;""
WebScraper.Category;22;4;"tweeter system";"";"";https://audio-database.com/CORAL;""
WebScraper.Category;4;0;unit;"";"";"";""
WebScraper.Category;23;8;"integrated amplifier";"";"";https://audio-database.com/Accuphase-kensonic/amp;""
WebScraper.Category;8;0;amp;"";"";"";""
WebScraper.Category;24;8;"control amplifier";"";"";https://audio-database.com/Accuphase-kensonic/amp;""
WebScraper.Category;25;8;"multichannel control amplifier";"";"";https://audio-database.com/Accuphase-kensonic/amp;""
WebScraper.Category;26;8;"monaural power amplifier";"";"";https://audio-database.com/Accuphase-kensonic/amp;""
WebScraper.Category;27;8;"stereo power amplifier";"";"";https://audio-database.com/Accuphase-kensonic/amp;""
WebScraper.Category;28;7;"cd player";"";"";https://audio-database.com/Accuphase-kensonic/player;""
WebScraper.Category;7;0;player;"";"";"";""
WebScraper.Category;29;7;"cd transport";"";"";https://audio-database.com/Accuphase-kensonic/player;""
WebScraper.Category;30;6;"fm/am tuner";"";"";https://audio-database.com/Accuphase-kensonic/tuner;""
WebScraper.Category;6;0;tuner;"";"";"";""
WebScraper.Category;31;6;"fm tuner";"";"";https://audio-database.com/Accuphase-kensonic/tuner;""
WebScraper.Category;32;6;"cs-pcm tuner";"";"";https://audio-database.com/Accuphase-kensonic/tuner;""
WebScraper.Category;33;2;"d/a converter";"";"";https://audio-database.com/Accuphase-kensonic/etc;""
WebScraper.Category;2;0;etc;"";"";"";""
WebScraper.Category;34;2;"a/d converter";"";"";https://audio-database.com/Accuphase-kensonic/etc;""
WebScraper.Category;35;2;"mc cartridge";"";"";https://audio-database.com/Accuphase-kensonic/etc;""
WebScraper.Category;36;2;"mc head amplifier";"";"";https://audio-database.com/Accuphase-kensonic/etc;""
WebScraper.Category;37;2;"channel divider";"";"";https://audio-database.com/Accuphase-kensonic/etc;""
WebScraper.Category;38;2;"graphic equalizer";"";"";https://audio-database.com/Accuphase-kensonic/etc;""
WebScraper.Category;39;2;"voicing equalizer";"";"";https://audio-database.com/Accuphase-kensonic/etc;""
WebScraper.Category;40;2;"clean power supply";"";"";https://audio-database.com/Accuphase-kensonic/etc;""
WebScraper.Category;41;2;"power bridge network";"";"";https://audio-database.com/Accuphase-kensonic/etc;""
WebScraper.Category;42;2;"remote commander";"";"";https://audio-database.com/Accuphase-kensonic/etc;""
WebScraper.Category;43;2;"option unit";"";"";https://audio-database.com/Accuphase-kensonic/etc;""
WebScraper.Category;44;8;"separate amplifier";"";"";"";""
WebScraper.Category;45;5;"speaker system";"";"";https://audio-database.com/ACOUSTICARTS(eng)/speaker;""
WebScraper.Category;46;2;"spectrum analyzer";"";"";https://audio-database.com/ADC/etc;""
WebScraper.Category;47;2;"tone arm";"";"";https://audio-database.com/ADC/etc;""
WebScraper.Category;48;2;"im type cartridge";"";"";https://audio-database.com/ADC/etc;""
WebScraper.Category;49;7;"cassette deck";"";"";https://audio-database.com/AIWA;""
WebScraper.Category;50;5;spekers;"";"";"";""
WebScraper.Category;51;12;"stereo power amplifier kit";"";"";https://audio-database.com/AIRTIGHT/amp;""
WebScraper.Category;12;0;kit;"";"";"";""
WebScraper.Category;52;2;"equalizer amplifier";"";"";https://audio-database.com/AIRTIGHT/etc;""
WebScraper.Category;53;8;"pre-main amplifier";"";"";https://audio-database.com/AIWA/amp;""
WebScraper.Category;54;7;"dat deck";"";"";https://audio-database.com/AIWA/player;""
WebScraper.Category;55;7;"record player";"";"";https://audio-database.com/AIWA/player;""
WebScraper.Category;56;7;"open-reel deck";"";"";https://audio-database.com/AIWA/player;""
WebScraper.Category;57;5;"active speaker";"";"";https://audio-database.com/AIWA/speaker;""
WebScraper.Category;58;13;"radio-cassette recorder";"";"";https://audio-database.com/AIWA/boombox;""
WebScraper.Category;13;0;boombox;"";"";"";""
WebScraper.Category;59;8;"4ch integrated amplifier";"";"";https://audio-database.com/AKAI/amp;""
WebScraper.Category;60;8;receiver;"";"";https://audio-database.com/AKAI/amp;""
WebScraper.Category;61;8;"av amplifier";"";"";https://audio-database.com/AKAI/amp;""
WebScraper.Category;62;7;"ld/cdv player";"";"";https://audio-database.com/AKAI/player;""
WebScraper.Category;63;7;"tuner cassette deck";"";"";https://audio-database.com/AKAI/player;""
WebScraper.Category;64;7;"monaural tape deck/tape recorder";"";"";https://audio-database.com/AKAI/player;""
WebScraper.Category;65;7;"tape deck";"";"";https://audio-database.com/AKAI/player;""
WebScraper.Category;66;7;"4ch tape deck";"";"";https://audio-database.com/AKAI/player;""
WebScraper.Category;67;7;"video/audio tape recorder";"";"";https://audio-database.com/AKAI/player;""
WebScraper.Category;68;7;"tape/cassette deck";"";"";https://audio-database.com/AKAI/player;""
WebScraper.Category;69;7;"tape/8track recorder";"";"";https://audio-database.com/AKAI/player;""
WebScraper.Category;70;7;"tape/cassette/8track recorder";"";"";https://audio-database.com/AKAI/player;""
WebScraper.Category;71;7;"8track tape deck";"";"";https://audio-database.com/AKAI/player;""
WebScraper.Category;72;7;"4ch 8track tape deck";"";"";https://audio-database.com/AKAI/player;""
WebScraper.Category;73;9;"tape recorder";"";"";https://audio-database.com/AKAI/portable;""
WebScraper.Category;9;0;portable;"";"";"";""
WebScraper.Category;74;2;"surround processor";"";"";https://audio-database.com/AKAI/etc;""
WebScraper.Category;75;2;"audio timer";"";"";https://audio-database.com/AKAI/etc;""
WebScraper.Category;76;2;"headphone / earphone";"";"";https://audio-database.com/AKAI/etc;""
WebScraper.Category;77;8;"tuner preamplifier";"";"";https://audio-database.com/ALTEC/amp;""
WebScraper.Category;78;8;"electronic crossover bi-amplifier";"";"";https://audio-database.com/ALTEC/amp;""
WebScraper.Category;79;8;"mixer power amplifier";"";"";https://audio-database.com/ALTEC/amp;""
WebScraper.Category;80;5;"speaker set";"";"";https://audio-database.com/ALTEC/speaker;""
WebScraper.Category;81;5;スピーカーシステム;"";"";https://audio-database.com/NIKKA;""
WebScraper.Category;82;2;"spectral equalizer";"";"";https://audio-database.com/AR/etc;""
WebScraper.Category;83;2;d/aコンバーター;"";"";"";""
WebScraper.Category;84;2;"d/d convertor";"";"";"";""
WebScraper.Category;85;8;"integrated amplifier / pre-main amplifier";"";"";https://audio-database.com/AUDIORESEARCH;""
WebScraper.Category;86;8;"control amplifier / pre-amplifier";"";"";"";""
WebScraper.Category;87;8;"phono equalizer amplifier";"";"";https://audio-database.com/LUXMAN;""
WebScraper.Category;88;2;"mc transformer";"";"";https://audio-database.com/COTTER/etc;""
WebScraper.Category;89;2;"booster transformer";"";"";https://audio-database.com/FIDELITYRESEARCH;""
WebScraper.Category;90;2;"head amp / plump amp";"";"";https://audio-database.com/AUDIORESEARCH/etc;""
WebScraper.Category;91;2;"crossover network";"";"";https://audio-database.com/AUDIORESEARCH/etc;""
WebScraper.Category;92;2;"vm cartridge";"";"";https://audio-database.com/AUDIO-TECHNICA/etc;""
WebScraper.Category;93;2;"monaural mc cartridge";"";"";https://audio-database.com/AUDIO-TECHNICA/etc;""
WebScraper.Category;94;2;"mc booster transformer";"";"";https://audio-database.com/AUDIO-TECHNICA/etc;""
WebScraper.Category;95;2;headphone;"";"";https://audio-database.com/AUDIO-TECHNICA/etc;""
WebScraper.Category;96;8;"fm/am receiver";"";"";https://audio-database.com/AUREX/amp;""
WebScraper.Category;97;8;"stereo cassette receiver";"";"";https://audio-database.com/AUREX/amp;""
WebScraper.Category;98;8;"4ch receiver";"";"";https://audio-database.com/AUREX/amp;""
WebScraper.Category;99;7;"dvd video/audio player";"";"";https://audio-database.com/AUREX/player;""
WebScraper.Category;100;7;"dvd player";"";"";https://audio-database.com/AUREX/player;""
WebScraper.Category;101;7;"cdv player";"";"";https://audio-database.com/AUREX/player;""
WebScraper.Category;102;7;"8track deck/player";"";"";https://audio-database.com/AUREX/player;""
WebScraper.Category;103;7;"4ch 8track deck/player";"";"";https://audio-database.com/AUREX/player;""
WebScraper.Category;104;2;"adres unit";"";"";https://audio-database.com/AUREX/etc;""
WebScraper.Category;105;2;"pcm processor";"";"";https://audio-database.com/AUREX/etc;""
WebScraper.Category;106;2;"4ch qm(rm) decorder";"";"";https://audio-database.com/AUREX/etc;""
WebScraper.Category;107;2;"cd-4 demodulator";"";"";https://audio-database.com/AUREX/etc;""
WebScraper.Category;108;2;"equalizer amplifier for condenser cartridge";"";"";https://audio-database.com/AUREX/etc;""
WebScraper.Category;109;2;"ic cartridge";"";"";https://audio-database.com/AUREX/etc;""
WebScraper.Category;110;2;"condenser cartridge";"";"";https://audio-database.com/AUREX/etc;""
WebScraper.Category;111;2;"mm cartridge";"";"";https://audio-database.com/AUREX/etc;""
WebScraper.Category;112;2;"peak meter unit";"";"";https://audio-database.com/AUREX/etc;""
WebScraper.Category;113;2;"4 channel headphone";"";"";https://audio-database.com/AUREX/etc;""
WebScraper.Category;114;2;mic;"";"";https://audio-database.com/AUREX/etc;""
WebScraper.Category;115;2;"mic mixing amplifier";"";"";https://audio-database.com/AUREX/etc;""
WebScraper.Category;116;2;"fm antenna";"";"";https://audio-database.com/AUREX/etc;""
WebScraper.Category;117;8;"multi-channel power amplifier";"";"";"";""
WebScraper.Category;118;8;preamplifier;"";"";https://audio-database.com/FMACOUSTICS;""
WebScraper.Category;119;5;"active speaker system";"";"";https://audio-database.com/MERIDIAN;""
WebScraper.Category;120;8;"receiver player set";"";"";https://audio-database.com/BANGandOLUFSEN/amp;""
WebScraper.Category;121;2;"mmc cartridge";"";"";https://audio-database.com/BANGandOLUFSEN/etc;""
WebScraper.Category;122;5;"speaker system/sound system";"";"";https://audio-database.com/BEVERIDGE/speaker;""
WebScraper.Category;123;7;"sacd/dvd audio player";"";"";"";""
WebScraper.Category;124;7;"universal player";"";"";https://audio-database.com/LUXMAN;""
WebScraper.Category;125;5;"2.1ch speaker set";"";"";https://audio-database.com/BOSE/speaker;""
WebScraper.Category;126;5;"5.1ch speaker set";"";"";https://audio-database.com/BOSE/speaker;""
WebScraper.Category;127;8;"4 ch pre-main amplifier";"";"";https://audio-database.com/BOSE/amp;""
WebScraper.Category;128;8;"power amplifier";"";"";https://audio-database.com/BOSE/amp;""
WebScraper.Category;129;8;"cd amplifier";"";"";https://audio-database.com/BOSE/amp;""
WebScraper.Category;130;14;"bose speaker used in the space shuttle";"";"";https://audio-database.com/BOSE/photo;""
WebScraper.Category;14;0;photo;"";"";"";""
WebScraper.Category;131;12;"speaker kit";"";"";https://audio-database.com/BRAUN/kit;""
WebScraper.Category;132;8;"pre-main amplifier / integrated amplifier";"";"";https://audio-database.com/KRELL;""
WebScraper.Category;133;8;"av preamplifier";"";"";https://audio-database.com/SONY-ESPRIT;""
WebScraper.Category;134;8;"5-channel power amplifier";"";"";"";""
WebScraper.Category;135;2;"channel divider / electronic crossover";"";"";"";""
WebScraper.Category;136;8;"d/a converter / digital processor";"";"";"";""
WebScraper.Category;137;2;"phono equalizer";"";"";https://audio-database.com/CEC;""
WebScraper.Category;138;5;"center speakra";"";"";https://audio-database.com/BandW/speaker;""
WebScraper.Category;139;5;subwoofer(passive);"";"";https://audio-database.com/BandW/speaker;""
WebScraper.Category;140;2;"speaker stand";"";"";https://audio-database.com/BandW/etc;""
WebScraper.Category;141;5;"speaker system / active speakers";"";"";https://audio-database.com/CABASSE/speaker;""
WebScraper.Category;142;9;"headphone stereo";"";"";"";""
WebScraper.Category;143;7;"cd recorder";"";"";https://audio-database.com/CEC/player;""
WebScraper.Category;144;2;"headphone amplifier";"";"";https://audio-database.com/CEC/etc;""
WebScraper.Category;145;2;turntable;"";"";https://audio-database.com/CEC/etc;""
WebScraper.Category;146;4;"coaxial type speaker unit";"";"";https://audio-database.com/CELESTION/unit;""
WebScraper.Category;147;2;"dolby nr unit";"";"";"";""
WebScraper.Category;148;6;"cs tuner for music bird";"";"";"";""
WebScraper.Category;149;4;"full-range unit";"";"";https://audio-database.com/CORAL/unit;""
WebScraper.Category;150;4;"coaxial type unit";"";"";https://audio-database.com/CORAL/unit;""
WebScraper.Category;151;4;"woofer unit";"";"";https://audio-database.com/CORAL/unit;""
WebScraper.Category;152;4;"mid-range unit";"";"";https://audio-database.com/CORAL/unit;""
WebScraper.Category;153;4;"tweeter unit";"";"";https://audio-database.com/CORAL/unit;""
WebScraper.Category;154;4;"driver unit";"";"";https://audio-database.com/CORAL/unit;""
WebScraper.Category;155;4;horn;"";"";https://audio-database.com/CORAL/unit;""
WebScraper.Category;156;4;"acoustic lens";"";"";https://audio-database.com/CORAL/unit;""
WebScraper.Category;157;4;"horn adapter / mounting flange";"";"";https://audio-database.com/CORAL/unit;""
WebScraper.Category;158;4;"dron cone / passive radiator";"";"";https://audio-database.com/CORAL/unit;""
WebScraper.Category;159;4;network;"";"";https://audio-database.com/CORAL/unit;""
WebScraper.Category;160;4;enclosure;"";"";https://audio-database.com/CORAL/unit;""
WebScraper.Category;161;4;"カーオディ unit";"";"";https://audio-database.com/CORAL/unit;""
WebScraper.Category;162;2;"phase inverter";"";"";https://audio-database.com/COUNTERPOINT/etc;""
WebScraper.Category;163;2;equalizer;"";"";https://audio-database.com/AMCRON/etc;""
WebScraper.Category;164;2;"output control center";"";"";https://audio-database.com/AMCRON/etc;""
WebScraper.Category;165;2;"real-time analyzer";"";"";https://audio-database.com/AMCRON/etc;""
WebScraper.Category;166;5;"speaker unit";"";"";https://audio-database.com/ESS;""
WebScraper.Category;167;7;"record player / turntable";"";"";"";""
WebScraper.Category;168;2;"power supply unit";"";"";https://audio-database.com/CYRUS-MISSION/etc;""
WebScraper.Category;169;2;"mm type cartridge";"";"";https://audio-database.com/CYRUS-MISSION/etc;""
WebScraper.Category;170;2;"mc type cartridge";"";"";https://audio-database.com/CYRUS-MISSION/etc;""
WebScraper.Category;171;8;"av control amplifier";"";"";https://audio-database.com/DBX/amp;""
WebScraper.Category;172;7;"sacd player";"";"";https://audio-database.com/DENON-COLUMBIA;""
WebScraper.Category;173;7;"sacd transport";"";"";"";""
WebScraper.Category;174;2;"master clock";"";"";"";""
WebScraper.Category;175;5;"speaker speaker";"";"";"";""
WebScraper.Category;176;2;"vl type cartridge";"";"";"";""
WebScraper.Category;177;8;"3ch power amplifier";"";"";https://audio-database.com/DENON-COLUMBIA/amp;""
WebScraper.Category;178;8;"av power amplifier";"";"";https://audio-database.com/DENON-COLUMBIA/amp;""
WebScraper.Category;179;8;"av receiver / av amplifier";"";"";https://audio-database.com/DENON-COLUMBIA/amp;""
WebScraper.Category;180;8;"cd receiver";"";"";https://audio-database.com/DENON-COLUMBIA/amp;""
WebScraper.Category;181;8;"deck receiver";"";"";https://audio-database.com/DENON-COLUMBIA/amp;""
WebScraper.Category;182;7;"bd transport";"";"";https://audio-database.com/DENON-COLUMBIA/player;""
WebScraper.Category;183;7;"dvd audio/video player";"";"";https://audio-database.com/DENON-COLUMBIA/player;""
WebScraper.Category;184;7;"cd/hdd music system";"";"";https://audio-database.com/DENON-COLUMBIA/player;""
WebScraper.Category;185;7;"md deck";"";"";https://audio-database.com/DENON-COLUMBIA/player;""
WebScraper.Category;186;7;"8 track deck";"";"";https://audio-database.com/DENON-COLUMBIA/player;""
WebScraper.Category;187;2;"pcc unit";"";"";https://audio-database.com/DENON-COLUMBIA/etc;""
WebScraper.Category;188;2;"ipod dock";"";"";https://audio-database.com/DENON-COLUMBIA/etc;""
WebScraper.Category;189;2;"mc step up transformaer/matching transformer";"";"";https://audio-database.com/DENON-COLUMBIA/etc;""
WebScraper.Category;190;2;tonearm;"";"";https://audio-database.com/DENON-COLUMBIA/etc;""
WebScraper.Category;191;2;"player cabinet";"";"";https://audio-database.com/DENON-COLUMBIA/etc;""
WebScraper.Category;192;2;"other record player accessory";"";"";https://audio-database.com/DENON-COLUMBIA/etc;""
WebScraper.Category;193;1;"system component";"";"";https://audio-database.com/DENON-COLUMBIA/stereo;""
WebScraper.Category;1;0;stereo;"";"";"";""
WebScraper.Category;194;9;"portable md";"";"";https://audio-database.com/DENON-COLUMBIA/portable;""
WebScraper.Category;195;9;"portable dat";"";"";https://audio-database.com/DENON-COLUMBIA/portable;""
WebScraper.Category;196;14;"aging of dp 2700";"";"";https://audio-database.com/DENON-COLUMBIA/photo;""
WebScraper.Category;197;15;"speaker system/active speaker system";"";"";https://audio-database.com/MITSUBISHI-DIATONE/professional;""
WebScraper.Category;15;0;professional;"";"";"";""
WebScraper.Category;198;8;"multi channel power amplifier";"";"";https://audio-database.com/MITSUBISHI-DIATONE/amp;""
WebScraper.Category;199;7;"8 track tape deck";"";"";https://audio-database.com/MITSUBISHI-DIATONE/player;""
WebScraper.Category;200;16;"speaker system ds series (1960~1979)";"";"";https://audio-database.com/MITSUBISHI-DIATONE/diatoneds;""
WebScraper.Category;16;0;diatoneds;"";"";"";""
WebScraper.Category;201;16;"speaker system ds series(1980~1989)";"";"";https://audio-database.com/MITSUBISHI-DIATONE/diatoneds;""
WebScraper.Category;202;16;"speaker system(1990~)";"";"";https://audio-database.com/MITSUBISHI-DIATONE/diatoneds;""
WebScraper.Category;203;17;"speaker system sc series";"";"";https://audio-database.com/MITSUBISHI-DIATONE/diatonesp;""
WebScraper.Category;17;0;diatonesp;"";"";"";""
WebScraper.Category;204;17;"speaker system ss series";"";"";https://audio-database.com/MITSUBISHI-DIATONE/diatonesp;""
WebScraper.Category;205;17;"speaker system vs series";"";"";https://audio-database.com/MITSUBISHI-DIATONE/diatonesp;""
WebScraper.Category;206;17;"speaker system other series";"";"";https://audio-database.com/MITSUBISHI-DIATONE/diatonesp;""
WebScraper.Category;207;17;"speaker actuator";"";"";https://audio-database.com/MITSUBISHI-DIATONE/diatonesp;""
WebScraper.Category;208;17;"speaker system assembly kit";"";"";https://audio-database.com/MITSUBISHI-DIATONE/unit;""
WebScraper.Category;209;2;"digital audio processor";"";"";https://audio-database.com/MITSUBISHI-DIATONE/etc;""
WebScraper.Category;210;2;"4ch se decoder";"";"";https://audio-database.com/MITSUBISHI-DIATONE/etc;""
WebScraper.Category;211;2;"power meter";"";"";https://audio-database.com/MITSUBISHI-DIATONE/etc;""
WebScraper.Category;212;2;"audio equalizer";"";"";https://audio-database.com/DYNACO-SCANDYNA/etc;""
WebScraper.Category;213;2;"4ch adapter";"";"";https://audio-database.com/DYNACO-SCANDYNA/etc;""
WebScraper.Category;214;4;"coaxial unit";"";"";https://audio-database.com/ELECTRO-VOICE/unit;""
WebScraper.Category;215;4;"horn / horn adapter";"";"";https://audio-database.com/ELECTRO-VOICE/unit;""
WebScraper.Category;216;4;"block kit / step up kit";"";"";https://audio-database.com/ELECTRO-VOICE/unit;""
WebScraper.Category;217;4;"level attenuator";"";"";https://audio-database.com/ELECTRO-VOICE/unit;""
WebScraper.Category;218;7;"analog player";"";"";https://audio-database.com/BARCO/player;""
WebScraper.Category;219;2;"head amplifier";"";"";https://audio-database.com/FIDELITYRESEARCH/etc;""
WebScraper.Category;220;12;"amplifier kit";"";"";https://audio-database.com/FISHER/kit;""
WebScraper.Category;221;5;"active subwoofer";"";"";https://audio-database.com/FOCAL-JMLAB/speaker;""
WebScraper.Category;222;4;"mid-range/mid-high range driver";"";"";https://audio-database.com/GOTOUNIT/unit;""
WebScraper.Category;223;14;"full lineup of professional series around 1979";"";"";https://audio-database.com/JBL/photo;""
WebScraper.Category;224;8;"control amplifier / mixer";"";"";https://audio-database.com/JBL/amp;""
WebScraper.Category;225;5;"mid-high system";"";"";https://audio-database.com/JBL/speaker;""
WebScraper.Category;226;4;"coaxial unit / composite unit";"";"";https://audio-database.com/JBL/unit;""
WebScraper.Category;227;4;mid-woofer;"";"";https://audio-database.com/JBL/unit;""
WebScraper.Category;228;4;"mid-range units / skorker units";"";"";https://audio-database.com/JBL/unit;""
WebScraper.Category;229;4;"horn / lens";"";"";https://audio-database.com/JBL/unit;""
WebScraper.Category;230;4;"throat adapter";"";"";https://audio-database.com/JBL/unit;""
WebScraper.Category;231;4;"passive radiator";"";"";https://audio-database.com/JBL/unit;""
WebScraper.Category;232;4;"power pack for high frequency band";"";"";https://audio-database.com/JBL/unit;""
WebScraper.Category;233;4;"speaker unit for car audio";"";"";https://audio-database.com/JBL/unit;""
WebScraper.Category;234;4;"enclosure / equipment cabinet";"";"";https://audio-database.com/JBL/unit;""
WebScraper.Category;235;8;"receiver/tuner amplifier";"";"";https://audio-database.com/Lo-D-HITACHI/amp;""
WebScraper.Category;236;6;"tv tuner";"";"";https://audio-database.com/Lo-D-HITACHI/tuner;""
WebScraper.Category;237;8;receiver/tri-amp;"";"";https://audio-database.com/LUXMAN/amp;""
WebScraper.Category;238;12;"premain amplifier kit";"";"";https://audio-database.com/LUXMAN/kit;""
WebScraper.Category;239;12;"control amplifier kit";"";"";https://audio-database.com/LUXMAN/kit;""
WebScraper.Category;240;12;"monaural power amplifier kit";"";"";https://audio-database.com/LUXMAN/kit;""
WebScraper.Category;241;12;"record player kit";"";"";https://audio-database.com/LUXMAN/kit;""
WebScraper.Category;242;12;"tuner kit";"";"";https://audio-database.com/LUXMAN/kit;""
WebScraper.Category;243;12;"speaker kits";"";"";https://audio-database.com/LUXMAN/kit;""
WebScraper.Category;244;12;"active speaker kits";"";"";https://audio-database.com/LUXMAN/kit;""
WebScraper.Category;245;12;"mixing monitor kit";"";"";https://audio-database.com/LUXMAN/kit;""
WebScraper.Category;246;12;"mc head amplifier kit";"";"";https://audio-database.com/LUXMAN/kit;""
WebScraper.Category;247;12;"channel divider kits";"";"";https://audio-database.com/LUXMAN/kit;""
WebScraper.Category;248;12;"other kits";"";"";https://audio-database.com/LUXMAN/kit;""
WebScraper.Category;249;12;"measuring instrument series";"";"";https://audio-database.com/LUXMAN/kit;""
WebScraper.Category;250;2;"vacuum unit";"";"";https://audio-database.com/LUXMAN/etc;""
WebScraper.Category;251;2;"passive attenuator";"";"";https://audio-database.com/LUXMAN/etc;""
WebScraper.Category;252;2;"tone control amplifier";"";"";https://audio-database.com/LUXMAN/etc;""
WebScraper.Category;253;2;"surround processor/av surround controller";"";"";https://audio-database.com/LUXMAN/etc;""
WebScraper.Category;254;2;"peak indicators";"";"";https://audio-database.com/LUXMAN/etc;""
WebScraper.Category;255;8;"tuner pre amplifier";"";"";https://audio-database.com/MARANTZ/amp;""
WebScraper.Category;256;7;"cd/cd recorder";"";"";https://audio-database.com/MARANTZ/player;""
WebScraper.Category;257;7;"videocd player";"";"";https://audio-database.com/MARANTZ/player;""
WebScraper.Category;258;7;"cd/ld player";"";"";https://audio-database.com/MARANTZ/player;""
WebScraper.Category;259;7;"cd/md deck";"";"";https://audio-database.com/MARANTZ/player;""
WebScraper.Category;260;7;"cd/cassette deck";"";"";https://audio-database.com/MARANTZ/player;""
WebScraper.Category;261;7;"dcc deck";"";"";https://audio-database.com/MARANTZ/player;""
WebScraper.Category;262;6;"bs/tv/fm/am tuner";"";"";https://audio-database.com/MARANTZ/tuner;""
WebScraper.Category;263;2;"audio computer";"";"";https://audio-database.com/MARANTZ/etc;""
WebScraper.Category;264;2;"line transformer";"";"";https://audio-database.com/MARANTZ/etc;""
WebScraper.Category;265;2;"mc step-up transformer";"";"";https://audio-database.com/MARANTZ/etc;""
WebScraper.Category;266;2;"btl adapter";"";"";https://audio-database.com/MARANTZ/etc;""
WebScraper.Category;267;2;"ac-3 processor";"";"";https://audio-database.com/MARANTZ/etc;""
WebScraper.Category;268;2;"surround processor/sound field controller";"";"";https://audio-database.com/MARANTZ/etc;""
WebScraper.Category;269;2;selector;"";"";https://audio-database.com/MARANTZ/etc;""
WebScraper.Category;270;2;"power supply";"";"";https://audio-database.com/MARANTZ/etc;""
WebScraper.Category;271;2;"surround headphone";"";"";https://audio-database.com/MARANTZ/etc;""
WebScraper.Category;272;2;"wireless remote controller";"";"";https://audio-database.com/MARANTZ/etc;""
WebScraper.Category;273;2;"audio rack";"";"";https://audio-database.com/MARANTZ/etc;""
WebScraper.Category;274;2;"rack handle";"";"";https://audio-database.com/MARANTZ/etc;""
WebScraper.Category;275;2;"d/a converter/digital processor";"";"";https://audio-database.com/MARK_LEVINSON/etc;""
WebScraper.Category;276;2;"electronic crossover";"";"";https://audio-database.com/MARK_LEVINSON/etc;""
WebScraper.Category;277;18;woofer;"";"";https://audio-database.com/MAXONIC/speaker_unit;""
WebScraper.Category;18;0;speaker_unit;"";"";"";""
WebScraper.Category;278;18;driver;"";"";https://audio-database.com/MAXONIC/speaker_unit;""
WebScraper.Category;279;8;"7ch power amplifier";"";"";https://audio-database.com/MCINTOSH/amp;""
WebScraper.Category;280;8;"av receiver";"";"";https://audio-database.com/MCINTOSH/amp;""
WebScraper.Category;281;2;"remote controller";"";"";https://audio-database.com/MERIDIAN/etc;""
WebScraper.Category;282;2;"vf cartridge";"";"";https://audio-database.com/MICRO/etc;""
WebScraper.Category;283;8;"av amplifier/av receiver";"";"";https://audio-database.com/NAKAMICHI/amp;""
WebScraper.Category;284;2;"d/a converter (digital audio processor)";"";"";https://audio-database.com/NAKAMICHI/etc;""
WebScraper.Category;285;1;"stereo system";"";"";https://audio-database.com/NAKAMICHI/stereo;""
WebScraper.Category;286;2;"av surround decoder/surround processor";"";"";https://audio-database.com/NEC/etc;""
WebScraper.Category;287;8;"cd tuner amplifier";"";"";https://audio-database.com/ONKYO/amp;""
WebScraper.Category;288;8;"cd/md tuner amplifier";"";"";https://audio-database.com/ONKYO/amp;""
WebScraper.Category;289;8;"dvd component system";"";"";https://audio-database.com/ONKYO/amp;""
WebScraper.Category;290;8;"cd/hdd tuner amplifier";"";"";https://audio-database.com/ONKYO/amp;""
WebScraper.Category;291;8;"4ch surround pre amplifier";"";"";https://audio-database.com/ONKYO/amp;""
WebScraper.Category;292;8;"dividing amplifier";"";"";https://audio-database.com/ONKYO/amp;""
WebScraper.Category;293;6;"cs tuner";"";"";https://audio-database.com/ONKYO/tuner;""
WebScraper.Category;294;3;"home theater system";"";"";https://audio-database.com/ONKYO/surround;""
WebScraper.Category;3;0;surround;"";"";"";""
WebScraper.Category;295;8;"preamplifier / control amplifier";"";"";https://audio-database.com/PHILIPS/amp;""
WebScraper.Category;296;8;"6-ch power amplifier";"";"";https://audio-database.com/PHILIPS/amp;""
WebScraper.Category;297;7;"tape deck with built-in amplifier";"";"";https://audio-database.com/PHILIPS/player;""
WebScraper.Category;298;4;"squaker unit";"";"";https://audio-database.com/PHILIPS/unit;""
WebScraper.Category;299;2;"passive line selector";"";"";https://audio-database.com/PHILIPS/etc;""
WebScraper.Category;300;10;"cassette recorder";"";"";https://audio-database.com/PHILIPS/radio;""
WebScraper.Category;10;0;radio;"";"";"";""
WebScraper.Category;301;8;fm/amモノラルレシーバー;"";"";https://audio-database.com/PIONEER-EXCLUSIVE/amp;""
WebScraper.Category;302;8;"4ch decoder amplifier";"";"";https://audio-database.com/PIONEER-EXCLUSIVE/amp;""
WebScraper.Category;303;8;"surround amplifier";"";"";https://audio-database.com/PIONEER-EXCLUSIVE/amp;""
WebScraper.Category;304;8;"sound mixer integrated amplifier";"";"";https://audio-database.com/PIONEER-EXCLUSIVE/amp;""
WebScraper.Category;305;7;"cd/cdv player";"";"";https://audio-database.com/PIONEER-EXCLUSIVE/player;""
WebScraper.Category;306;5;"subwoofer/woofer system";"";"";https://audio-database.com/PIONEER-EXCLUSIVE/speaker;""
WebScraper.Category;307;5;"midhight system";"";"";https://audio-database.com/PIONEER-EXCLUSIVE/speaker;""
WebScraper.Category;308;5;埋込み型スピーカー;"";"";https://audio-database.com/PIONEER-EXCLUSIVE/speaker;""
WebScraper.Category;309;4;"full range unit";"";"";https://audio-database.com/PIONEER-EXCLUSIVE/unit;""
WebScraper.Category;310;4;"mid range";"";"";https://audio-database.com/PIONEER-EXCLUSIVE/unit;""
WebScraper.Category;311;4;"horn/horn adapter";"";"";https://audio-database.com/PIONEER-EXCLUSIVE/unit;""
WebScraper.Category;312;4;attenuator;"";"";https://audio-database.com/PIONEER-EXCLUSIVE/unit;""
WebScraper.Category;313;4;"speaker system kit";"";"";https://audio-database.com/PIONEER-EXCLUSIVE/unit;""
WebScraper.Category;314;3;"dvd5.1 channel surround system";"";"";https://audio-database.com/PIONEER-EXCLUSIVE/surround;""
WebScraper.Category;315;2;"rg dynamic processor";"";"";https://audio-database.com/PIONEER-EXCLUSIVE/etc;""
WebScraper.Category;316;2;"reverb amplifier";"";"";https://audio-database.com/PIONEER-EXCLUSIVE/etc;""
WebScraper.Category;317;2;"rf demodulator";"";"";https://audio-database.com/PIONEER-EXCLUSIVE/etc;""
WebScraper.Category;318;2;"video selector";"";"";https://audio-database.com/PIONEER-EXCLUSIVE/etc;""
WebScraper.Category;319;2;"stereo display";"";"";https://audio-database.com/PIONEER-EXCLUSIVE/etc;""
WebScraper.Category;320;2;"mixing amplifier";"";"";https://audio-database.com/PIONEER-EXCLUSIVE/etc;""
WebScraper.Category;321;2;"programmable remote controller";"";"";https://audio-database.com/PIONEER-EXCLUSIVE/etc;""
WebScraper.Category;322;2;"file type cd controller";"";"";https://audio-database.com/PIONEER-EXCLUSIVE/etc;""
WebScraper.Category;323;2;"mc cartridge transformer";"";"";https://audio-database.com/PIONEER-EXCLUSIVE/etc;""
WebScraper.Category;324;2;"mc cartdige";"";"";https://audio-database.com/PIONEER-EXCLUSIVE/etc;""
WebScraper.Category;325;2;"record player cabinet";"";"";https://audio-database.com/PIONEER-EXCLUSIVE/etc;""
WebScraper.Category;326;2;"fm-mpx adapter";"";"";https://audio-database.com/PIONEER-EXCLUSIVE/etc;""
WebScraper.Category;327;2;"speaker cable";"";"";https://audio-database.com/PIONEER-EXCLUSIVE/etc;""
WebScraper.Category;328;1;"system stereo";"";"";https://audio-database.com/PIONEER-EXCLUSIVE/stereo;""
WebScraper.Category;329;1;minicomponent;"";"";https://audio-database.com/PIONEER-EXCLUSIVE/stereo;""
WebScraper.Category;330;2;"mi cartridge";"";"";https://audio-database.com/PICKERING/etc;""
WebScraper.Category;331;7;"dvd transport";"";"";https://audio-database.com/PROCEED/player;""
WebScraper.Category;332;7;cdトランスポート;"";"";https://audio-database.com/PROCEED/player;""
WebScraper.Category;333;2;"passive controller";"";"";https://audio-database.com/ROTEL/etc;""
WebScraper.Category;334;8;"4ch pre amplifier";"";"";https://audio-database.com/SANSUI/amp;""
WebScraper.Category;335;8;"monaural amplifier";"";"";https://audio-database.com/SANSUI/amp;""
WebScraper.Category;336;8;"4ch rear amplifier";"";"";https://audio-database.com/SANSUI/amp;""
WebScraper.Category;337;8;"mixer amplifier";"";"";https://audio-database.com/SANSUI/amp;""
WebScraper.Category;338;7;"stereo tape deck";"";"";https://audio-database.com/SANSUI/player;""
WebScraper.Category;339;7;"4-ch tape deck";"";"";https://audio-database.com/SANSUI/player;""
WebScraper.Category;340;2;"av processor";"";"";https://audio-database.com/SANSUI/etc;""
WebScraper.Category;341;2;"av selector";"";"";https://audio-database.com/SANSUI/etc;""
WebScraper.Category;342;2;"qs synthesizer/decorder";"";"";https://audio-database.com/SANSUI/etc;""
WebScraper.Category;343;2;"fm multi stereo adapter";"";"";https://audio-database.com/SANSUI/etc;""
WebScraper.Category;344;2;"4ch headphone";"";"";https://audio-database.com/SANSUI/etc;""
WebScraper.Category;345;2;cable;"";"";https://audio-database.com/SANSUI/etc;""
WebScraper.Category;346;2;sidewood;"";"";https://audio-database.com/SANSUI/etc;""
WebScraper.Category;347;1;"stereo set";"";"";https://audio-database.com/SANSUI/stereo;""
WebScraper.Category;348;1;"system component / high component";"";"";https://audio-database.com/SANSUI/stereo;""
WebScraper.Category;349;8;"multichannel preamplifier";"";"";https://audio-database.com/SONY-ESPRIT/amp;""
WebScraper.Category;350;8;"4-channel power amplifier";"";"";https://audio-database.com/SONY-ESPRIT/amp;""
WebScraper.Category;351;8;"5 ch power amplifier";"";"";https://audio-database.com/SONY-ESPRIT/amp;""
WebScraper.Category;352;8;"2ch/4ch receiver";"";"";https://audio-database.com/SONY-ESPRIT/amp;""
WebScraper.Category;353;7;"cd / cdv player / video cd player";"";"";https://audio-database.com/SONY-ESPRIT/player;""
WebScraper.Category;354;7;"ld player";"";"";https://audio-database.com/SONY-ESPRIT/player;""
WebScraper.Category;355;7;"cd / cassette deck";"";"";https://audio-database.com/SONY-ESPRIT/player;""
WebScraper.Category;356;7;"cassette deck / cassette recorder";"";"";https://audio-database.com/SONY-ESPRIT/player;""
WebScraper.Category;357;7;"fm cassette stereo";"";"";https://audio-database.com/SONY-ESPRIT/player;""
WebScraper.Category;358;7;"el cassette deck";"";"";https://audio-database.com/SONY-ESPRIT/player;""
WebScraper.Category;359;7;"tape deck / tape recorder";"";"";https://audio-database.com/SONY-ESPRIT/player;""
WebScraper.Category;360;7;"4-channel 8-track deck";"";"";https://audio-database.com/SONY-ESPRIT/player;""
WebScraper.Category;361;6;"fm/am/tv tuner";"";"";https://audio-database.com/SONY-ESPRIT/tuner;""
WebScraper.Category;362;6;"fm/am/tv/catv tuner";"";"";https://audio-database.com/SONY-ESPRIT/tuner;""
WebScraper.Category;363;6;"audioscope tv tuner";"";"";https://audio-database.com/SONY-ESPRIT/tuner;""
WebScraper.Category;364;6;"bs tuner";"";"";https://audio-database.com/SONY-ESPRIT/tuner;""
WebScraper.Category;365;5;"wireless speaker system";"";"";https://audio-database.com/SONY-ESPRIT/speaker;""
WebScraper.Category;366;4;"super tweeter system";"";"";https://audio-database.com/SONY-ESPRIT/unit;""
WebScraper.Category;367;5;"speaker package";"";"";https://audio-database.com/SONY-ESPRIT/surround;""
WebScraper.Category;368;3;"amp-speaker package";"";"";https://audio-database.com/SONY-ESPRIT/surround;""
WebScraper.Category;369;2;"da converter";"";"";https://audio-database.com/SONY-ESPRIT/etc;""
WebScraper.Category;370;2;"dolby surround processor";"";"";https://audio-database.com/SONY-ESPRIT/etc;""
WebScraper.Category;371;2;"digital surround processor";"";"";https://audio-database.com/SONY-ESPRIT/etc;""
WebScraper.Category;372;2;"pcm processors";"";"";https://audio-database.com/SONY-ESPRIT/etc;""
WebScraper.Category;373;2;"dolby nr / c type processor";"";"";https://audio-database.com/SONY-ESPRIT/etc;""
WebScraper.Category;374;2;"crossover network / channel divider";"";"";https://audio-database.com/SONY-ESPRIT/etc;""
WebScraper.Category;375;2;"channel divider expansion adapter";"";"";https://audio-database.com/SONY-ESPRIT/etc;""
WebScraper.Category;376;2;"vocal amplifier";"";"";https://audio-database.com/SONY-ESPRIT/etc;""
WebScraper.Category;377;2;"acoustic controller";"";"";https://audio-database.com/SONY-ESPRIT/etc;""
WebScraper.Category;378;2;"microphone mixing amplifier";"";"";https://audio-database.com/SONY-ESPRIT/etc;""
WebScraper.Category;379;2;"sound mixer";"";"";https://audio-database.com/SONY-ESPRIT/etc;""
WebScraper.Category;380;2;"4-channel decoder";"";"";https://audio-database.com/SONY-ESPRIT/etc;""
WebScraper.Category;381;2;"closed caption decoder";"";"";https://audio-database.com/SONY-ESPRIT/etc;""
WebScraper.Category;382;2;"text display unit";"";"";https://audio-database.com/SONY-ESPRIT/etc;""
WebScraper.Category;383;2;"synchronized remote control unit";"";"";https://audio-database.com/SONY-ESPRIT/etc;""
WebScraper.Category;384;2;"recording amplifier for tape deck";"";"";https://audio-database.com/SONY-ESPRIT/etc;""
WebScraper.Category;385;2;"head shell";"";"";https://audio-database.com/SONY-ESPRIT/etc;""
WebScraper.Category;386;2;"turntable base";"";"";https://audio-database.com/SONY-ESPRIT/etc;""
WebScraper.Category;387;2;"stereo headphone";"";"";https://audio-database.com/SONY-ESPRIT/etc;""
WebScraper.Category;388;2;"headphone with microphone";"";"";https://audio-database.com/SONY-ESPRIT/etc;""
WebScraper.Category;389;2;"monaural earphone";"";"";https://audio-database.com/SONY-ESPRIT/etc;""
WebScraper.Category;390;2;"stereo earphone";"";"";https://audio-database.com/SONY-ESPRIT/etc;""
WebScraper.Category;391;9;walkman;"";"";https://audio-database.com/SONY-ESPRIT/portable;""
WebScraper.Category;392;9;"cassette recorder / cassette recorder";"";"";https://audio-database.com/SONY-ESPRIT/portable;""
WebScraper.Category;393;9;"tape recorder / tape recorder";"";"";https://audio-database.com/SONY-ESPRIT/portable;""
WebScraper.Category;394;8;"stereo control amplifier";"";"";https://audio-database.com/TEAC-ESOTERIC/amp;""
WebScraper.Category;395;8;"receiver / integrated amplifier";"";"";https://audio-database.com/TEAC-ESOTERIC/amp;""
WebScraper.Category;396;7;"universal transport";"";"";https://audio-database.com/TEAC-ESOTERIC/player;""
WebScraper.Category;397;7;"cd duplicator";"";"";https://audio-database.com/TEAC-ESOTERIC/player;""
WebScraper.Category;398;7;"cd recorder / cassette deck";"";"";https://audio-database.com/TEAC-ESOTERIC/player;""
WebScraper.Category;399;7;"4-channel tape deck";"";"";https://audio-database.com/TEAC-ESOTERIC/player;""
WebScraper.Category;400;7;"multitrack recorder";"";"";https://audio-database.com/TEAC-ESOTERIC/player;""
WebScraper.Category;401;2;"d/d converter";"";"";https://audio-database.com/TEAC-ESOTERIC/etc;""
WebScraper.Category;402;2;"digital sound effect";"";"";https://audio-database.com/TEAC-ESOTERIC/etc;""
WebScraper.Category;403;2;"av controller";"";"";https://audio-database.com/TEAC-ESOTERIC/etc;""
WebScraper.Category;404;2;"ac distributor";"";"";https://audio-database.com/TEAC-ESOTERIC/etc;""
WebScraper.Category;405;2;"digital video still unit";"";"";https://audio-database.com/TEAC-ESOTERIC/etc;""
WebScraper.Category;406;2;"audio mixer";"";"";https://audio-database.com/TEAC-ESOTERIC/etc;""
WebScraper.Category;407;2;"cassette deck / audio mixer";"";"";https://audio-database.com/TEAC-ESOTERIC/etc;""
WebScraper.Category;408;2;"parametric equalizer";"";"";https://audio-database.com/TEAC-ESOTERIC/etc;""
WebScraper.Category;409;2;expander;"";"";https://audio-database.com/TEAC-ESOTERIC/etc;""
WebScraper.Category;410;2;"dolby unit";"";"";https://audio-database.com/TEAC-ESOTERIC/etc;""
WebScraper.Category;411;2;"dbx units";"";"";https://audio-database.com/TEAC-ESOTERIC/etc;""
WebScraper.Category;412;2;meter;"";"";https://audio-database.com/TEAC-ESOTERIC/etc;""
WebScraper.Category;413;2;"total performance indicator";"";"";https://audio-database.com/TEAC-ESOTERIC/etc;""
WebScraper.Category;414;2;"tape winder";"";"";https://audio-database.com/TEAC-ESOTERIC/etc;""
WebScraper.Category;415;8;"fm/am tuner pre amplifier";"";"";https://audio-database.com/TechnicsPanasonic/amp;""
WebScraper.Category;416;8;"fm/am cassette receiver";"";"";https://audio-database.com/TechnicsPanasonic/amp;""
WebScraper.Category;417;8;"micro cassette receiver deck";"";"";https://audio-database.com/TechnicsPanasonic/amp;""
WebScraper.Category;418;7;"video cd player";"";"";https://audio-database.com/TechnicsPanasonic/player;""
WebScraper.Category;419;7;"pcm recorder";"";"";https://audio-database.com/TechnicsPanasonic/player;""
WebScraper.Category;420;7;"micro cassette & cassette deck";"";"";https://audio-database.com/TechnicsPanasonic/player;""
WebScraper.Category;421;7;"multi channel tape deck";"";"";https://audio-database.com/TechnicsPanasonic/player;""
WebScraper.Category;422;7;"8 track deck/player/recorder";"";"";https://audio-database.com/TechnicsPanasonic/player;""
WebScraper.Category;423;7;"4ch8 track deck/player";"";"";https://audio-database.com/TechnicsPanasonic/player;""
WebScraper.Category;424;6;"tv/fm/am tuner";"";"";https://audio-database.com/TechnicsPanasonic/tuner;""
WebScraper.Category;425;6;"audio cs-pcm tuner";"";"";https://audio-database.com/TechnicsPanasonic/tuner;""
WebScraper.Category;426;5;"subwoofer / woofer system";"";"";https://audio-database.com/TechnicsPanasonic/speaker;""
WebScraper.Category;427;5;"other speakers";"";"";https://audio-database.com/TechnicsPanasonic/speaker;""
WebScraper.Category;428;4;"skorker units / mid-range units";"";"";https://audio-database.com/TechnicsPanasonic/unit;""
WebScraper.Category;429;4;"doron cone speaker set";"";"";https://audio-database.com/TechnicsPanasonic/unit;""
WebScraper.Category;430;3;"av system";"";"";https://audio-database.com/TechnicsPanasonic/surround;""
WebScraper.Category;431;3;"home thx audio system";"";"";https://audio-database.com/TechnicsPanasonic/surround;""
WebScraper.Category;432;2;"a/d d/a converter";"";"";https://audio-database.com/TechnicsPanasonic/etc;""
WebScraper.Category;433;2;"digital mixer";"";"";https://audio-database.com/TechnicsPanasonic/etc;""
WebScraper.Category;434;2;"pcm recording processor";"";"";https://audio-database.com/TechnicsPanasonic/etc;""
WebScraper.Category;435;2;"digital surround processor / digital sound processor";"";"";https://audio-database.com/TechnicsPanasonic/etc;""
WebScraper.Category;436;2;"programmable audio processor";"";"";https://audio-database.com/TechnicsPanasonic/etc;""
WebScraper.Category;437;2;"graphic equalizer checker";"";"";https://audio-database.com/TechnicsPanasonic/etc;""
WebScraper.Category;438;2;"electronic crossover / channel divider";"";"";https://audio-database.com/TechnicsPanasonic/etc;""
WebScraper.Category;439;2;"electronic crossover / channel divider with main amplifier";"";"";https://audio-database.com/TechnicsPanasonic/etc;""
WebScraper.Category;440;2;"meter unit";"";"";https://audio-database.com/TechnicsPanasonic/etc;""
WebScraper.Category;441;2;"dbx noise reduction unit";"";"";https://audio-database.com/TechnicsPanasonic/etc;""
WebScraper.Category;442;2;"music synthesizer";"";"";https://audio-database.com/TechnicsPanasonic/etc;""
WebScraper.Category;443;2;"power selector";"";"";https://audio-database.com/TechnicsPanasonic/etc;""
WebScraper.Category;444;2;"remote control system";"";"";https://audio-database.com/TechnicsPanasonic/etc;""
WebScraper.Category;445;2;"microphone mixing amplifier / microphone mixing adapter";"";"";https://audio-database.com/TechnicsPanasonic/etc;""
WebScraper.Category;446;2;"space dimension controller";"";"";https://audio-database.com/TechnicsPanasonic/etc;""
WebScraper.Category;447;2;"audio timer / audio programmable timer";"";"";https://audio-database.com/TechnicsPanasonic/etc;""
WebScraper.Category;448;2;"ambience controller";"";"";https://audio-database.com/TechnicsPanasonic/etc;""
WebScraper.Category;449;2;"deck selector";"";"";https://audio-database.com/TechnicsPanasonic/etc;""
WebScraper.Category;450;2;"microcomputer programmable unit";"";"";https://audio-database.com/TechnicsPanasonic/etc;""
WebScraper.Category;451;2;"quartz synthesizer / fm reception controller";"";"";https://audio-database.com/TechnicsPanasonic/etc;""
WebScraper.Category;452;2;"fm wing antenna";"";"";https://audio-database.com/TechnicsPanasonic/etc;""
WebScraper.Category;453;2;"fm rf controller";"";"";https://audio-database.com/TechnicsPanasonic/etc;""
WebScraper.Category;454;2;"fm stereo adapter";"";"";https://audio-database.com/TechnicsPanasonic/etc;""
WebScraper.Category;455;2;"remote control";"";"";https://audio-database.com/TechnicsPanasonic/etc;""
WebScraper.Category;456;2;"cd-4 system disk demodulator";"";"";https://audio-database.com/TechnicsPanasonic/etc;""
WebScraper.Category;457;2;"4-channel audioscope";"";"";https://audio-database.com/TechnicsPanasonic/etc;""
WebScraper.Category;458;2;"4 ch control center";"";"";https://audio-database.com/TechnicsPanasonic/etc;""
WebScraper.Category;459;2;"4 ch balancer";"";"";https://audio-database.com/TechnicsPanasonic/etc;""
WebScraper.Category;460;2;"component television";"";"";https://audio-database.com/TechnicsPanasonic/etc;""
WebScraper.Category;461;2;"plus arm";"";"";https://audio-database.com/TechnicsPanasonic/etc;""
WebScraper.Category;462;2;"system tone arm";"";"";https://audio-database.com/TechnicsPanasonic/etc;""
WebScraper.Category;463;2;"arm unit";"";"";https://audio-database.com/TechnicsPanasonic/etc;""
WebScraper.Category;464;2;"arm base";"";"";https://audio-database.com/TechnicsPanasonic/etc;""
WebScraper.Category;465;2;"4 ch cartridge";"";"";https://audio-database.com/TechnicsPanasonic/etc;""
WebScraper.Category;466;2;"mc head amplifier / mc pre-pre-amplifier / mc step-up transformer";"";"";https://audio-database.com/TechnicsPanasonic/etc;""
WebScraper.Category;467;2;"needle pressure meter";"";"";https://audio-database.com/TechnicsPanasonic/etc;""
WebScraper.Category;468;8;"am/fm receiver / tri-amp";"";"";https://audio-database.com/TRIO-KENWOOD/amp;""
WebScraper.Category;469;8;"4-channel dimodulator premain amplifier";"";"";https://audio-database.com/TRIO-KENWOOD/amp;""
WebScraper.Category;470;8;"av amplifier / av receiver";"";"";https://audio-database.com/TRIO-KENWOOD/amp;""
WebScraper.Category;471;8;"large integrated audio system";"";"";https://audio-database.com/TRIO-KENWOOD/amp;""
WebScraper.Category;472;8;"multi-channel idc stereo amplifier";"";"";https://audio-database.com/TRIO-KENWOOD/amp;""
WebScraper.Category;473;8;"pa amplifier";"";"";https://audio-database.com/TRIO-KENWOOD/amp;""
WebScraper.Category;474;12;"fm/am tuner kit";"";"";https://audio-database.com/TRIO-KENWOOD/kit;""
WebScraper.Category;475;2;"rf modulator";"";"";https://audio-database.com/TRIO-KENWOOD/etc;""
WebScraper.Category;476;2;"surround sonic クォードリクサー";"";"";https://audio-database.com/TRIO-KENWOOD/etc;""
WebScraper.Category;477;2;"phono motor";"";"";https://audio-database.com/TRIO-KENWOOD/etc;""
WebScraper.Category;478;2;"pe cartridge";"";"";https://audio-database.com/TRIO-KENWOOD/etc;""
WebScraper.Category;479;2;"preamp for pe cartridge";"";"";https://audio-database.com/TRIO-KENWOOD/etc;""
WebScraper.Category;480;2;"analog player accessories";"";"";https://audio-database.com/TRIO-KENWOOD/etc;""
WebScraper.Category;481;2;"vu meter";"";"";https://audio-database.com/TRIO-KENWOOD/etc;""
WebScraper.Category;482;2;oscilloscope;"";"";https://audio-database.com/TRIO-KENWOOD/etc;""
WebScraper.Category;483;2;"system selector";"";"";https://audio-database.com/TRIO-KENWOOD/etc;""
WebScraper.Category;484;2;"fm multi-stereo adapter";"";"";https://audio-database.com/TRIO-KENWOOD/etc;""
WebScraper.Category;485;1;"component stereo / stereo set";"";"";https://audio-database.com/TRIO-KENWOOD/stereo;""
WebScraper.Category;486;1;"md mini-component";"";"";https://audio-database.com/TRIO-KENWOOD/stereo;""
WebScraper.Category;487;1;"dvd mini component";"";"";https://audio-database.com/TRIO-KENWOOD/stereo;""
WebScraper.Category;488;10;"fm/am/sw radio";"";"";https://audio-database.com/TRIO-KENWOOD/radio;""
WebScraper.Category;489;8;"monaural pre-main amplifier";"";"";https://audio-database.com/VICTOR/amp;""
WebScraper.Category;490;8;"4-ch control amplifier";"";"";https://audio-database.com/VICTOR/amp;""
WebScraper.Category;491;8;"crossover power amplifier";"";"";https://audio-database.com/VICTOR/amp;""
WebScraper.Category;492;8;"4 ch receiver";"";"";https://audio-database.com/VICTOR/amp;""
WebScraper.Category;493;8;"av amplifier with built-in dvd player";"";"";https://audio-database.com/VICTOR/amp;""
WebScraper.Category;494;8;"cassette stereo amplifier";"";"";https://audio-database.com/VICTOR/amp;""
WebScraper.Category;495;7;"dvd audio / video player";"";"";https://audio-database.com/VICTOR/player;""
WebScraper.Category;496;7;"video cd player / cd graphics player";"";"";https://audio-database.com/VICTOR/player;""
WebScraper.Category;497;7;"md/cd deck";"";"";https://audio-database.com/VICTOR/player;""
WebScraper.Category;498;7;"dvhs deck";"";"";https://audio-database.com/VICTOR/player;""
WebScraper.Category;499;7;"8 tracks / cassette / karaoke deck";"";"";https://audio-database.com/VICTOR/player;""
WebScraper.Category;500;7;"microcassette deck";"";"";https://audio-database.com/VICTOR/player;""
WebScraper.Category;501;7;"2ch/4ch tape deck";"";"";https://audio-database.com/VICTOR/player;""
WebScraper.Category;502;7;"8-track deck / 8-track deck with built-in amplifier";"";"";https://audio-database.com/VICTOR/player;""
WebScraper.Category;503;7;"4ch/2ch8 track deck / 4ch8 track deck with built-in amplifier";"";"";https://audio-database.com/VICTOR/player;""
WebScraper.Category;504;5;"surround speaker system";"";"";https://audio-database.com/VICTOR/speaker(etc);""
WebScraper.Category;505;4;"speaker enclosure kit";"";"";https://audio-database.com/VICTOR/unit;""
WebScraper.Category;506;2;"virtual surround system";"";"";https://audio-database.com/VICTOR/etc;""
WebScraper.Category;507;2;"d/a converter / digital center";"";"";https://audio-database.com/VICTOR/etc;""
WebScraper.Category;508;2;"digital acoustic processor";"";"";https://audio-database.com/VICTOR/etc;""
WebScraper.Category;509;2;"graphic equalizer / sea controller / sound effects amplifier";"";"";https://audio-database.com/VICTOR/etc;""
WebScraper.Category;510;2;"4 chsea controller";"";"";https://audio-database.com/VICTOR/etc;""
WebScraper.Category;511;2;"biphonic processor";"";"";https://audio-database.com/VICTOR/etc;""
WebScraper.Category;512;2;mixer;"";"";https://audio-database.com/VICTOR/etc;""
WebScraper.Category;513;2;"level meter / indicator";"";"";https://audio-database.com/VICTOR/etc;""
WebScraper.Category;514;2;"cd-4 disk demodulator";"";"";https://audio-database.com/VICTOR/etc;""
WebScraper.Category;515;2;"noise reduction unit";"";"";https://audio-database.com/VICTOR/etc;""
WebScraper.Category;516;2;"system controller";"";"";https://audio-database.com/VICTOR/etc;""
WebScraper.Category;517;2;"acoustic measuring device";"";"";https://audio-database.com/VICTOR/etc;""
WebScraper.Category;518;2;cabinet;"";"";https://audio-database.com/VICTOR/etc;""
WebScraper.Category;519;2;"turbo disk stabilizer unit";"";"";https://audio-database.com/VICTOR/etc;""
WebScraper.Category;520;2;"4 ch headphone";"";"";https://audio-database.com/VICTOR/etc;""
WebScraper.Category;521;2;"headphone microphone";"";"";https://audio-database.com/VICTOR/etc;""
WebScraper.Category;522;8;"4ch/2ch power amplifier";"";"";https://audio-database.com/YAMAHA/amp;""
WebScraper.Category;523;8;"7 ch power amplifier";"";"";https://audio-database.com/YAMAHA/amp;""
WebScraper.Category;524;8;"cassette receiver";"";"";https://audio-database.com/YAMAHA/amp;""
WebScraper.Category;525;8;"dsp processor amplifier";"";"";https://audio-database.com/YAMAHA/amp;""
WebScraper.Category;526;8;"gf drive amplifier";"";"";https://audio-database.com/YAMAHA/amp;""
WebScraper.Category;527;8;"active servo processing amplifier";"";"";https://audio-database.com/YAMAHA/amp;""
WebScraper.Category;528;7;"cd recorder / hdd recorder";"";"";https://audio-database.com/YAMAHA/player;""
WebScraper.Category;529;5;"active servo speaker system";"";"";https://audio-database.com/YAMAHA/speaker;""
WebScraper.Category;530;4;"mid-range / skorker";"";"";https://audio-database.com/YAMAHA/unit;""
WebScraper.Category;531;4;tweeter;"";"";https://audio-database.com/YAMAHA/unit;""
WebScraper.Category;532;4;"driver unit / horn speaker unit";"";"";https://audio-database.com/YAMAHA/unit;""
WebScraper.Category;533;4;"horn / horn adapter / acoustic lens";"";"";https://audio-database.com/YAMAHA/unit;""
WebScraper.Category;534;4;"level controller";"";"";https://audio-database.com/YAMAHA/unit;""
WebScraper.Category;535;2;"dolby digital / cinema dsp processor";"";"";https://audio-database.com/YAMAHA/etc;""
WebScraper.Category;536;2;"dolby prologic processor";"";"";https://audio-database.com/YAMAHA/etc;""
WebScraper.Category;537;2;"aac decoder";"";"";https://audio-database.com/YAMAHA/etc;""
WebScraper.Category;538;2;"digital sound field processor";"";"";https://audio-database.com/YAMAHA/etc;""
WebScraper.Category;539;2;"quad riser amplifier";"";"";https://audio-database.com/YAMAHA/etc;""
WebScraper.Category;540;2;"master volume controller / selector";"";"";https://audio-database.com/YAMAHA/etc;""
WebScraper.Category;541;2;"learning remote control";"";"";https://audio-database.com/YAMAHA/etc;""
WebScraper.Category;542;2;"speaker utility";"";"";https://audio-database.com/YAMAHA/etc;""
WebScraper.Category;543;2;"mc equalizer amplifier";"";"";https://audio-database.com/YAMAHA/etc;""
