AAD;https://audio-database.com/AAD/index.html;
Acapella/ATR;https://audio-database.com/ACAPELLA-ATR/index.html;
Accuphase/Kensonic;https://audio-database.com/Accuphase-kensonic/index.html;
Acoustat;https://audio-database.com/ACOUSTAT/index.html;
Acoustic Arts(England);https://audio-database.com/ACOUSTICARTS(eng)/speaker/index.html;
Acoustic Energy;https://audio-database.com/ACOUSTICENERGY/speaker/index.html;
Acustik-Lab;https://audio-database.com/ACUSTIK-LAB/index.html;
ADC;https://audio-database.com/ADC/index.html;
Advent;https://audio-database.com/ADVENT/index.html;
Aerial Acoustics;https://audio-database.com/AERIALACOUSTICS/index.html;
AGI;https://audio-database.com/AGI/index.html;
Air Tight/Acoustic Masterpiece;https://audio-database.com/AIRTIGHT/index.html;
Aiwa/Excelia;https://audio-database.com/AIWA/index.html;
AKAI/A&D;https://audio-database.com/AKAI/index.html;
ALR;https://audio-database.com/ALR/index.html;
Altec Lansing;https://audio-database.com/ALTEC/index.html;
Ampliton;https://audio-database.com/AMPLITON/index.html;
Apogee;https://audio-database.com/APOGEE/index.html;
AR(Acoustic Research);https://audio-database.com/AR/index.html;
Arcam;https://audio-database.com/ARCAM/index.html;
Art Audio;https://audio-database.com/ARTAUDIO/index.html;
Ashidavox;https://audio-database.com/ASHIDAVOX/index.html;
ATC;https://audio-database.com/ATC/index.html;
Audio Alchemy;https://audio-database.com/AUDIOALCHEMY/index.html;
Audio Analogue;https://audio-database.com/AUDIOANALOGUE/index.html;
Audio Craft;https://audio-database.com/AUDIOCRAFT/index.html;
Audio Current;https://audio-database.com/AUDIOCURRENT/index.html;
Audio Devices;https://audio-database.com/AUDIO-DEVICES/index.html;
Audio Interface;https://audio-database.com/AUDIOINTERFACE/etc/index.html;
Audiolab;https://audio-database.com/AUDIOLAB/index.html;
Audionix;https://audio-database.com/AUDIONIX/index.html;
Audio of Oregon;https://audio-database.com/AUDIO_OF_OREGON/index.html;
Audio Research;https://audio-database.com/AUDIORESEARCH/index.html;
Audio Style;https://audio-database.com/AUDIO-STYLE/index.html;
Audio-Technica;https://audio-database.com/AUDIO-TECHNICA/index.html;
Aura;https://audio-database.com/AURA/index.html;
Aurasound;https://audio-database.com/AURASOUND/index.html;
Auratone;https://audio-database.com/AURATONE/index.html;
Aurex/Toshiba;https://audio-database.com/AUREX/index.html;
Avalon Acoustics;https://audio-database.com/AVALON/speaker/index.html;
AV International;https://audio-database.com/AVINTERNATIONAL/index.html;
Ayre;https://audio-database.com/AYRE/index.html;
Backes&Muller;https://audio-database.com/BACKESandMULLER/index.html;
Ballad;https://audio-database.com/BALLAD/index.html;
Bang&Olufsen;https://audio-database.com/BANGandOLUFSEN/index.html;
Beard;https://audio-database.com/BEARD/index.html;
Beltek;https://audio-database.com/BELTEK/index.html;
Beveridge;https://audio-database.com/BEVERIDGE/index.html;
BGW;https://audio-database.com/BGW/index.html;
Bladelius;https://audio-database.com/BLADELIUS/index.html;
BNS;https://audio-database.com/BNS/speaker/index.html;
Bose;https://audio-database.com/BOSE/index.html;
Boulder;https://audio-database.com/BOULDER/index.html;
Bow Technologies;https://audio-database.com/BOWTECHNOLOGIES/index.html;
Boxer;https://audio-database.com/BOXER/index.html;
Bozak;https://audio-database.com/BOZAK/index.html;
Braun;https://audio-database.com/BRAUN/index.html;
Bryston;https://audio-database.com/BRYSTON/index.html;
BSR;https://audio-database.com/BSR/player/index.html;
Burmester;https://audio-database.com/BURMESTER/index.html;
B&W/Solid;https://audio-database.com/BandW/index.html;
Cabasse;https://audio-database.com/CABASSE/speaker/index.html;
Cairn;https://audio-database.com/CAIRN/index.html;
Cambridge Audio;https://audio-database.com/CAMBRIDGE-AUDIO/index.html;
Cambridge Soundworks;https://audio-database.com/CAMBRIDGESOUNDWORKS/index.html;
Canton;https://audio-database.com/CANTON/speaker/index.html;
Carver;https://audio-database.com/CARVER/index.html;
Casio;https://audio-database.com/CASIO/index.html;
CEC;https://audio-database.com/CEC/index.html;
Celestion;https://audio-database.com/CELESTION/index.html;
Cello;https://audio-database.com/CELLO/index.html;
Cerwin Vega;https://audio-database.com/CERWINVEGA/speaker/index.html;
Chario;https://audio-database.com/CHARIO/index.html;
Clarion;https://audio-database.com/CLARION/index.html;
Classe;https://audio-database.com/CLASSE/index.html;
Conclusion;https://audio-database.com/CONCLUSION/index.html;
Conisis;https://audio-database.com/CONISIS/index.html;
Copland;https://audio-database.com/COPLAND/index.html;
Coral;https://audio-database.com/CORAL/index.html;
Cotter;https://audio-database.com/COTTER/etc/index.html;
Counterpoint;https://audio-database.com/COUNTERPOINT/index.html;
Creek;https://audio-database.com/CREEK/index.html;
Crown(JPN);https://audio-database.com/CROWN/player/index.html;
Crown/Amcron;https://audio-database.com/AMCRON/index.html;
Crysler;https://audio-database.com/CRYSLER/index.html;
Cyrus/Mission;https://audio-database.com/CYRUS-MISSION/index.html;
Daiken;https://audio-database.com/DAIKEN/speaker/index.html;
Dali;https://audio-database.com/DALI/index.html;
DB Systems;https://audio-database.com/DBSYSTEMS/index.html;
DBX;https://audio-database.com/DBX/index.html;
DCS;https://audio-database.com/DCS/index.html;
Decca;https://audio-database.com/DECCA/index.html;
Delcatec;https://audio-database.com/DELCATEC/index.html;
Denon/Columbia;https://audio-database.com/DENON-COLUMBIA/index.html;
Design Acoustics;https://audio-database.com/DESIGNACOUSTICS/index.html;
Diapason;https://audio-database.com/DIAPASON/index.html;
DIATONE/Mitsubishi;https://audio-database.com/MITSUBISHI-DIATONE/index.html;
Dokorder;https://audio-database.com/DOKORDER/index.html;
DPA;https://audio-database.com/DPA/index.html;
DRG;https://audio-database.com/DRG/index.html;
Dual;https://audio-database.com/DUAL/index.html;
Dynaco/Scandyna;https://audio-database.com/DYNACO-SCANDYNA/index.html;
Dynavector;https://audio-database.com/DYNAVECTOR/index.html;
EAR;https://audio-database.com/EAR/index.html;
ELAC;https://audio-database.com/ELAC/index.html;
Electro Research;https://audio-database.com/ELECTRORESEARCH/index.html;
Electro Voice;https://audio-database.com/ELECTRO-VOICE/index.html;
EMT/Barco;https://audio-database.com/BARCO/index.html;
Ensemble;https://audio-database.com/ENSEMBLE/index.html;
EPI;https://audio-database.com/EPI/index.html;
Eroica;https://audio-database.com/EROICA/index.html;
ESS;https://audio-database.com/ESS/index.html;
Etone;https://audio-database.com/ETONE/index.html;
Ferrograph;https://audio-database.com/FERROGRAPH/index.html;
Fidelity Research;https://audio-database.com/FIDELITYRESEARCH/index.html;
Fisher;https://audio-database.com/FISHER/index.html;
FM Acoustics;https://audio-database.com/FMACOUSTICS/index.html;
Focal/JMlab;https://audio-database.com/FOCAL-JMLAB/index.html;
Forte Audio;https://audio-database.com/FORTEAUDIO/index.html;
Foster/Fostex;https://audio-database.com/FOSTER-FOSTEX/index.html;
GOLDMUND/STELLAVOX;https://audio-database.com/GOLDMUND-STELLAVOX/index.html;
GRANT LUMLEY;https://audio-database.com/GRANTLUMLEY/index.html;
GOTO UNIT;https://audio-database.com/GOTOUNIT/index.html;
HARBETH;https://audio-database.com/HARBETH/speaker/index.html;
HARMAN/KARDON;https://audio-database.com/HARMAN_KARDON/index.html;
INAX;https://audio-database.com/INAX/index.html;
INFINITY;https://audio-database.com/INFINITY/index.html;
JBL;https://audio-database.com/JBL/index.html;
KEF;https://audio-database.com/KEF/index.html;
KLIPSCH;https://audio-database.com/KLIPSCH/index.html;
KRELL;https://audio-database.com/KRELL/index.html;
LEAK;https://audio-database.com/LEAK/index.html;
LINN;https://audio-database.com/LINN/index.html;
Lo-D/HITACHI;https://audio-database.com/Lo-D-HITACHI/index.html;
LUXMAN;https://audio-database.com/LUXMAN/index.html;
L&B;https://audio-database.com/LandB/index.html;
MACTONE;https://audio-database.com/MACTONE/index.html;
MARANTZ;https://audio-database.com/MARANTZ/index.html;
MARK LEVINSON;https://audio-database.com/MARK_LEVINSON/index.html;
MAGNAT;https://audio-database.com/MAGNAT/index.html;
MAXONIC;https://audio-database.com/MAXONIC/index.html;
MCINTOSH;https://audio-database.com/MCINTOSH/index.html;
MERIDIAN;https://audio-database.com/MERIDIAN/index.html;
MICRO;https://audio-database.com/MICRO/index.html;
MIRAGE;https://audio-database.com/MIRAGE/index.html;
NAIM AUDIO;https://audio-database.com/NAIMAUDIO/index.html;
NAKAMICHI;https://audio-database.com/NAKAMICHI/index.html;
NEC/AUTHENTIC;https://audio-database.com/NEC/index.html;
NIKKA;https://audio-database.com/NIKKA/index.html;
ONKYO;https://audio-database.com/ONKYO/index.html;
PARAGON ACOUSTICS;https://audio-database.com/PARAGONACOUSTICS/index.html;
PHILIPS;https://audio-database.com/PHILIPS/index.html;
PIONEER/EXCLUSIVE/TAD;https://audio-database.com/PIONEER-EXCLUSIVE/index.html;
PICKERING;https://audio-database.com/PICKERING/index.html;
PLATINUM;https://audio-database.com/PLATINUM/index.html;
PMC;https://audio-database.com/PMC/index.html;
PRECISION FIDELITY;https://audio-database.com/PRECISIONFIDELITY/index.html;
PRIMARE;https://audio-database.com/PRIMARE/index.html;
PROCEED;https://audio-database.com/PROCEED/index.html;
QUAD;https://audio-database.com/QUAD/index.html;
Roksan;https://audio-database.com/ROKSAN/index.html;
ROR;https://audio-database.com/ROR/index.html;
Rotel;https://audio-database.com/ROTEL/index.html;
SAE;https://audio-database.com/SAE/index.html;
Sansui;https://audio-database.com/SANSUI/index.html;
Sony;https://audio-database.com/SONY-ESPRIT/index.html;
Teac/Esoteric/Tascam;https://audio-database.com/TEAC-ESOTERIC/index.html;
Technics/Panasonic;https://audio-database.com/TechnicsPanasonic/index.html;
Trio/Kenwood;https://audio-database.com/TRIO-KENWOOD/index.html;
Victor/JVC;https://audio-database.com/VICTOR/index.html;
YAMAHA;https://audio-database.com/YAMAHA/index.html;