CD Player;https://audio-database.com/AKAI/player.JPG;https://audio-database.com/AKAI/player/index.html
Record Player;https://audio-database.com/AKAI/player.JPG;https://audio-database.com/AKAI/player/index.html
LD Player;https://audio-database.com/AKAI/player2.JPG;https://audio-database.com/AKAI/player/index2.html
DAT Deck;https://audio-database.com/AKAI/player2.JPG;https://audio-database.com/AKAI/player/index2.html
Cassette Deck;https://audio-database.com/AKAI/player3.JPG;https://audio-database.com/AKAI/player/index3.html
Tape Deck;https://audio-database.com/AKAI/player4.JPG;https://audio-database.com/AKAI/player/index4.html
8track Deck;https://audio-database.com/AKAI/player4.JPG;https://audio-database.com/AKAI/player/index4.htmlRecord Player;https://audio-database.com/AR/player.JPG;https://audio-database.com/AR/player/index.htmlDVD Plyaer;https://audio-database.com/AUREX/player.JPG;https://audio-database.com/AUREX/player/index.html
CD Player;https://audio-database.com/AUREX/player.JPG;https://audio-database.com/AUREX/player/index.html
Cassette deck;https://audio-database.com/AUREX/player2.JPG;https://audio-database.com/AUREX/player/index2.html
Tape Deck;https://audio-database.com/AUREX/player2.JPG;https://audio-database.com/AUREX/player/index2.html
8track Deck;https://audio-database.com/AUREX/player2.JPG;https://audio-database.com/AUREX/player/index2.html
Record Player;https://audio-database.com/AUREX/player3.JPG;https://audio-database.com/AUREX/player/index3.htmlCD Player, CD Recorder;https://audio-database.com/CEC/player.JPG;https://audio-database.com/CEC/player/index.html
CD Transport;https://audio-database.com/CEC/player.JPG;https://audio-database.com/CEC/player/index.html
Record Player;https://audio-database.com/CEC/player2.JPG;https://audio-database.com/CEC/player/index2.htmlRecord Player;https://audio-database.com/CORAL/player.JPG;https://audio-database.com/CORAL/player/index.htmlCD Transport;https://audio-database.com/COUNTERPOINT/player.JPG;https://audio-database.com/COUNTERPOINT/player/index.htmlCD Player;https://audio-database.com/DBX/player.JPG;https://audio-database.com/DBX/player/index.htmlSACD Player;https://audio-database.com/DENON-COLUMBIA/player.JPG;https://audio-database.com/DENON-COLUMBIA/player/index.html
DVD Player;https://audio-database.com/DENON-COLUMBIA/player.JPG;https://audio-database.com/DENON-COLUMBIA/player/index.html
CD/HDD Audio System;https://audio-database.com/DENON-COLUMBIA/player.JPG;https://audio-database.com/DENON-COLUMBIA/player/index.html
CD Player;https://audio-database.com/DENON-COLUMBIA/player2.JPG;https://audio-database.com/DENON-COLUMBIA/player/index2.html
CD Transport;https://audio-database.com/DENON-COLUMBIA/player2.JPG;https://audio-database.com/DENON-COLUMBIA/player/index2.html
CD Recorder;https://audio-database.com/DENON-COLUMBIA/player2.JPG;https://audio-database.com/DENON-COLUMBIA/player/index2.html
MD Deck;https://audio-database.com/DENON-COLUMBIA/player3.JPG;https://audio-database.com/DENON-COLUMBIA/player/index3.html
DAT Deck;https://audio-database.com/DENON-COLUMBIA/player3.JPG;https://audio-database.com/DENON-COLUMBIA/player/index3.htmlCD Player;https://audio-database.com/MITSUBISHI-DIATONE/player.JPG;https://audio-database.com/MITSUBISHI-DIATONE/player/index.html
Cassette Deck;https://audio-database.com/MITSUBISHI-DIATONE/player.JPG;https://audio-database.com/MITSUBISHI-DIATONE/player/index.html
Record Player;https://audio-database.com/MITSUBISHI-DIATONE/player2.JPG;https://audio-database.com/MITSUBISHI-DIATONE/player/index2.html
Tape Deck;https://audio-database.com/MITSUBISHI-DIATONE/player3.JPG;https://audio-database.com/MITSUBISHI-DIATONE/player/index3.html
8 Track Player;https://audio-database.com/MITSUBISHI-DIATONE/player3.JPG;https://audio-database.com/MITSUBISHI-DIATONE/player/index3.htmlRecord Player;https://audio-database.com/DUAL/player.JPG;https://audio-database.com/DUAL/player/index.htmlCD Player;https://audio-database.com/Lo-D-HITACHI/player.JPG;https://audio-database.com/Lo-D-HITACHI/player/index.html
PCM Recorder;https://audio-database.com/Lo-D-HITACHI/player.JPG;https://audio-database.com/Lo-D-HITACHI/player/index.html
Record Player;https://audio-database.com/Lo-D-HITACHI/player.JPG;https://audio-database.com/Lo-D-HITACHI/player/index.htmlCD Player;https://audio-database.com/LUXMAN/player.JPG;https://audio-database.com/LUXMAN/player/index.html
Cassette deck;https://audio-database.com/LUXMAN/player.JPG;https://audio-database.com/LUXMAN/player/index.html
Record Player;https://audio-database.com/LUXMAN/player.JPG;https://audio-database.com/LUXMAN/player/index.htmlPlayer Equipment(Digital;https://audio-database.com/MARANTZ/player.JPG;https://audio-database.com/MARANTZ/player/index.html
Player Equipment(Analog;https://audio-database.com/MARANTZ/player2.JPG;https://audio-database.com/MARANTZ/player/index2.htmlCD Player;https://audio-database.com/MCINTOSH/player.JPG;https://audio-database.com/MCINTOSH/player/index.html
SACD Player;https://audio-database.com/MCINTOSH/player.JPG;https://audio-database.com/MCINTOSH/player/index.htmlCD Player;https://audio-database.com/MERIDIAN/player.JPG;https://audio-database.com/MERIDIAN/player/index.htmlCD Player;https://audio-database.com/MICRO/player.JPG;https://audio-database.com/MICRO/player/index.html
Record Player;https://audio-database.com/MICRO/player.JPG;https://audio-database.com/MICRO/player/index.htmlDVD Player;https://audio-database.com/NAKAMICHI/player.JPG;https://audio-database.com/NAKAMICHI/player/index.html
CD Player;https://audio-database.com/NAKAMICHI/player.JPG;https://audio-database.com/NAKAMICHI/player/index.html
DAT Deck;https://audio-database.com/NAKAMICHI/player.JPG;https://audio-database.com/NAKAMICHI/player/index.html
Record Player;https://audio-database.com/NAKAMICHI/player2.JPG;https://audio-database.com/NAKAMICHI/player/index2.html
Cassette Deck;https://audio-database.com/NAKAMICHI/player2.JPG;https://audio-database.com/NAKAMICHI/player/index2.html
Tape Deck;https://audio-database.com/NAKAMICHI/player2.JPG;https://audio-database.com/NAKAMICHI/player/index2.htmlCD Player;https://audio-database.com/NEC/player.JPG;https://audio-database.com/NEC/player/index.html
DAT Deck;https://audio-database.com/NEC/player.JPG;https://audio-database.com/NEC/player/index.html
Cassette Deck;https://audio-database.com/NEC/player.JPG;https://audio-database.com/NEC/player/index.html
Record Player;https://audio-database.com/NEC/player.JPG;https://audio-database.com/NEC/player/index.htmlDVD Player;https://audio-database.com/ONKYO/player.JPG;https://audio-database.com/ONKYO/player/index.html
CD Player;https://audio-database.com/ONKYO/player.JPG;https://audio-database.com/ONKYO/player/index.html
MD Deck;https://audio-database.com/ONKYO/player.JPG;https://audio-database.com/ONKYO/player/index.html
DAT Deck;https://audio-database.com/ONKYO/player.JPG;https://audio-database.com/ONKYO/player/index.html
Cassette Deck;https://audio-database.com/ONKYO/player2.JPG;https://audio-database.com/ONKYO/player/index2.html
Record Player;https://audio-database.com/ONKYO/player2.JPG;https://audio-database.com/ONKYO/player/index2.htmlCD Player;https://audio-database.com/PHILIPS/player.JPG;https://audio-database.com/PHILIPS/player/index.html
CD Recorder;https://audio-database.com/PHILIPS/player.JPG;https://audio-database.com/PHILIPS/player/index.html
Cassette deck;https://audio-database.com/PHILIPS/player2.JPG;https://audio-database.com/PHILIPS/player/index2.html
Tape deck;https://audio-database.com/PHILIPS/player2.JPG;https://audio-database.com/PHILIPS/player/index2.html
Record player;https://audio-database.com/PHILIPS/player3.JPG;https://audio-database.com/PHILIPS/player/index3.htmlUniversal Player;https://audio-database.com/PIONEER-EXCLUSIVE/player.JPG;https://audio-database.com/PIONEER-EXCLUSIVE/player/index.html
CD Player/Recorder;https://audio-database.com/PIONEER-EXCLUSIVE/player.JPG;https://audio-database.com/PIONEER-EXCLUSIVE/player/index.html
MD Deck;https://audio-database.com/PIONEER-EXCLUSIVE/player.JPG;https://audio-database.com/PIONEER-EXCLUSIVE/player/index.html
DAT Deck;https://audio-database.com/PIONEER-EXCLUSIVE/player.JPG;https://audio-database.com/PIONEER-EXCLUSIVE/player/index.html
Cassette Deck;https://audio-database.com/PIONEER-EXCLUSIVE/player2.JPG;https://audio-database.com/PIONEER-EXCLUSIVE/player/index2.html
Tape Deck;https://audio-database.com/PIONEER-EXCLUSIVE/player2.JPG;https://audio-database.com/PIONEER-EXCLUSIVE/player/index2.html
Record Player;https://audio-database.com/PIONEER-EXCLUSIVE/player3.JPG;https://audio-database.com/PIONEER-EXCLUSIVE/player/index3.htmlRecord Player;https://audio-database.com/PICKERING/player.JPG;https://audio-database.com/PICKERING/player/index.htmlCD Player;https://audio-database.com/PRIMARE/player.JPG;https://audio-database.com/PRIMARE/player/index.htmlDVD Transport;https://audio-database.com/PROCEED/player.JPG;https://audio-database.com/PROCEED/player/index.html
CD Player;https://audio-database.com/PROCEED/player.JPG;https://audio-database.com/PROCEED/player/index.htmlCD Transport;https://audio-database.com/ROKSAN/player.JPG;https://audio-database.com/ROKSAN/player/index.htmlCD Player;https://audio-database.com/ROTEL/player.JPG;https://audio-database.com/ROTEL/player/index.html
Record Player;https://audio-database.com/ROTEL/player.JPG;https://audio-database.com/ROTEL/player/index.html
Cassette Deck;https://audio-database.com/ROTEL/player.JPG;https://audio-database.com/ROTEL/player/index.htmlCD Player;https://audio-database.com/SANSUI/player.JPG;https://audio-database.com/SANSUI/player/index.html
MD Deck;https://audio-database.com/SANSUI/player.JPG;https://audio-database.com/SANSUI/player/index.html
Record Player;https://audio-database.com/SANSUI/player2.JPG;https://audio-database.com/SANSUI/player/index2.html
Cassette Deck;https://audio-database.com/SANSUI/player3.JPG;https://audio-database.com/SANSUI/player/index3.html
Tape Deck;https://audio-database.com/SANSUI/player3.JPG;https://audio-database.com/SANSUI/player/index3.html
4ch Tape Deck;https://audio-database.com/SANSUI/player3.JPG;https://audio-database.com/SANSUI/player/index3.htmlDVD Player;https://audio-database.com/YAMAHA/player.JPG;https://audio-database.com/YAMAHA/player/index.html
CD/LD Player;https://audio-database.com/YAMAHA/player.JPG;https://audio-database.com/YAMAHA/player/index.html
MD Deck;https://audio-database.com/YAMAHA/player.JPG;https://audio-database.com/YAMAHA/player/index.html
Cassette Deck;https://audio-database.com/YAMAHA/player2.JPG;https://audio-database.com/YAMAHA/player/index2.html
Record Player;https://audio-database.com/YAMAHA/player3.JPG;https://audio-database.com/YAMAHA/player/index3.html