Bolero;https://audio-database.com/ACUSTIK-LAB/speaker/sambolero.JPG;https://audio-database.com/ACUSTIK-LAB/speaker/bolero-e.html
画像無し;https://audio-database.com/ACUSTIK-LAB/syurui;https://audio-database.com/ACUSTIK-LAB/speaker/bolero-limited-e.html
Bolero Limited;https://audio-database.com/ACUSTIK-LAB/syurui;https://audio-database.com/ACUSTIK-LAB/speaker/bolero-limited-e.html
Bolero Bonita;https://audio-database.com/ACUSTIK-LAB/speaker/sambolero-bonita.JPG;https://audio-database.com/ACUSTIK-LAB/speaker/bolero-bonita-e.html
Bolero Grande;https://audio-database.com/ACUSTIK-LAB/speaker/sambolero-grande.JPG;https://audio-database.com/ACUSTIK-LAB/speaker/bolero-grande-e.html
Bolero Piccolo;https://audio-database.com/ACUSTIK-LAB/speaker/sambolero-piccolo.JPG;https://audio-database.com/ACUSTIK-LAB/speaker/bolero-piccolo-e.htmlARCUS;https://audio-database.com/AVALON/speaker/arcus;https://audio-database.com/AVALON/speaker/arcus-e.html
ASCENDANT;https://audio-database.com/AVALON/speaker/samascendant.jpg;https://audio-database.com/AVALON/speaker/ascendant.html
AVATAR;https://audio-database.com/AVALON/speaker/avatar;https://audio-database.com/AVALON/speaker/avatar-e.html
DIAMOND;https://audio-database.com/AVALON/speaker/samdiamond.jpg;https://audio-database.com/AVALON/speaker/diamond.html
ECLIPSE;https://audio-database.com/AVALON/speaker/eclipse;https://audio-database.com/AVALON/speaker/eclipse-e.html
MONITOR;https://audio-database.com/AVALON/speaker/monitor;https://audio-database.com/AVALON/speaker/monitor-e.html
OSIRIS;https://audio-database.com/AVALON/speaker/osiris;https://audio-database.com/AVALON/speaker/osiris-e.html
RADIAN;https://audio-database.com/AVALON/speaker/radian;https://audio-database.com/AVALON/speaker/radian-e.html
RADIAN HC;https://audio-database.com/AVALON/speaker/radian hc;https://audio-database.com/AVALON/speaker/radianhc-e.html
Symbol-II;https://audio-database.com/AVALON/speaker/samsymbol-ii.jpg;https://audio-database.com/AVALON/speaker/symbol-ii.htmlMonitor HL;https://audio-database.com/HARBETH/speaker/Monitor HL;https://audio-database.com/HARBETH/speaker/hl-e.html
HL TypeIV;https://audio-database.com/HARBETH/speaker/HL TypeIV;https://audio-database.com/HARBETH/speaker/hltypeiv-e.html
HL5;https://audio-database.com/HARBETH/speaker/HL5;https://audio-database.com/HARBETH/speaker/hl5-e.html
Super HL5;https://audio-database.com/HARBETH/speaker/Super HL5;https://audio-database.com/HARBETH/speaker/superhl5-e.html
HLCompact;https://audio-database.com/HARBETH/speaker/HLCompact;https://audio-database.com/HARBETH/speaker/hlcompact-e.html
HLCompact 7;https://audio-database.com/HARBETH/speaker/HLCompact 7;https://audio-database.com/HARBETH/speaker/hlcompact7-e.html
HLCompact 7ES-2;https://audio-database.com/HARBETH/speaker/HL Compact 7ES-2;https://audio-database.com/HARBETH/speaker/hlcompact7es-2-e.html
HLCompact 7ES-3;https://audio-database.com/HARBETH/speaker/HL Compact 7ES-3;https://audio-database.com/HARBETH/speaker/hlcompact7es-3-e.html
HL-P3ES;https://audio-database.com/HARBETH/speaker/HL-P3ES;https://audio-database.com/HARBETH/speaker/hl-p3es-e.html
HL-P3ES-2;https://audio-database.com/HARBETH/speaker/HL-P3ES-2;https://audio-database.com/HARBETH/speaker/hl-p3es-2-e.html