Speaker System;https://audio-database.com/AIWA/speaker.jpg;https://audio-database.com/AIWA/speaker/index.html
Active Speaker;https://audio-database.com/AIWA/speaker.jpg;https://audio-database.com/AIWA/speaker/index.htmlSpeaker System;https://audio-database.com/AKAI/speaker.JPG;https://audio-database.com/AKAI/speaker/index.htmlSpeaker system;https://audio-database.com/ALTEC/speaker.JPG;https://audio-database.com/ALTEC/speaker/index.html
subwoofer (speaker system;https://audio-database.com/ALTEC/speaker2.JPG;https://audio-database.com/ALTEC/speaker/index2.html
Active Speaker;https://audio-database.com/ALTEC/speaker2.JPG;https://audio-database.com/ALTEC/speaker/index2.html
speaker set;https://audio-database.com/ALTEC/speaker2.JPG;https://audio-database.com/ALTEC/speaker/index2.htmlSpeaker System;https://audio-database.com/AR/speaker.JPG;https://audio-database.com/AR/speaker/index.html
Center Speaker;https://audio-database.com/AR/speaker2.JPG;https://audio-database.com/AR/speaker/index2.html
Subwoofer;https://audio-database.com/AR/speaker2.JPG;https://audio-database.com/AR/speaker/index2.htmlSpeaker System;https://audio-database.com/ASHIDAVOX/speaker.JPG;https://audio-database.com/ASHIDAVOX/speaker/index.html
Speaker Unit;https://audio-database.com/ASHIDAVOX/unit.JPG;https://audio-database.com/ASHIDAVOX/unit/index.htmlSpeaker System;https://audio-database.com/ATC/speaker.JPG;https://audio-database.com/ATC/speaker/index.html
Active Speaker;https://audio-database.com/ATC/speaker.JPG;https://audio-database.com/ATC/speaker/index.html5C;https://audio-database.com/AURATONE/speaker/sam5c.JPG;https://audio-database.com/AURATONE/speaker/5c-e.html
5C(改良型;https://audio-database.com/AURATONE/speaker/sam5cfresh.jpg;https://audio-database.com/AURATONE/speaker/5cfresh.html
5C(後期;https://audio-database.com/AURATONE/5C;https://audio-database.com/AURATONE/speaker/5c-2.html
5C-V;https://audio-database.com/AURATONE/5C-V;https://audio-database.com/AURATONE/speaker/5c-v-e.htmlSpeaker System;https://audio-database.com/AUREX/speaker.JPG;https://audio-database.com/AUREX/speaker/index.htmlSpeaker System;https://audio-database.com/BEVERIDGE/speaker.JPG;https://audio-database.com/BEVERIDGE/speaker/index.htmlSpeaker System;https://audio-database.com/BOSE/speaker.JPG;https://audio-database.com/BOSE/speaker/index.html
Subwoofer;https://audio-database.com/BOSE/speaker.JPG;https://audio-database.com/BOSE/speaker/index.html
Active Speaker;https://audio-database.com/BOSE/speaker.JPG;https://audio-database.com/BOSE/speaker/index.html
Speaker Set;https://audio-database.com/BOSE/speaker2.JPG;https://audio-database.com/BOSE/speaker/index2.htmlSpeaker System;https://audio-database.com/BOZAK/speaker.JPG;https://audio-database.com/BOZAK/speaker/index.htmlSpeaker System;https://audio-database.com/BandW/speaker.JPG;https://audio-database.com/BandW/speaker/index.htmlSpeaker System;https://audio-database.com/CEC/speaker.JPG;https://audio-database.com/CEC/speaker/index.html
Subwoofer;https://audio-database.com/CEC/speaker.JPG;https://audio-database.com/CEC/speaker/index.htmlSpeaker System;https://audio-database.com/CELESTION/speaker.JPG;https://audio-database.com/CELESTION/speaker/index.html
Speaker Unit;https://audio-database.com/CELESTION/unit.JPG;https://audio-database.com/CELESTION/unit/index.htmlSpeaker System;https://audio-database.com/CORAL/speaker.JPG;https://audio-database.com/CORAL/speaker/index.html
Full range unit;https://audio-database.com/CORAL/unit.JPG;https://audio-database.com/CORAL/unit/index.html
Coaxial Unit;https://audio-database.com/CORAL/unit2.JPG;https://audio-database.com/CORAL/unit/index2.htmlSpeaker System;https://audio-database.com/CRYSLER/speaker.JPG;https://audio-database.com/CRYSLER/speaker/index.htmlSpeaker System;https://audio-database.com/DBX/speaker.JPG;https://audio-database.com/DBX/speaker/index.htmlSpeaker System(~80s;https://audio-database.com/DENON-COLUMBIA/speaker.JPG;https://audio-database.com/DENON-COLUMBIA/speaker/index.html
Speaker System(90s;https://audio-database.com/DENON-COLUMBIA/speaker2.JPG;https://audio-database.com/DENON-COLUMBIA/speaker/index2.html
Center Speaker;https://audio-database.com/DENON-COLUMBIA/speaker3.JPG;https://audio-database.com/DENON-COLUMBIA/speaker/index3.html
Subwoofer;https://audio-database.com/DENON-COLUMBIA/speaker3.JPG;https://audio-database.com/DENON-COLUMBIA/speaker/index3.html
Active Speaker;https://audio-database.com/DENON-COLUMBIA/speaker3.JPG;https://audio-database.com/DENON-COLUMBIA/speaker/index3.html
Speaker Set;https://audio-database.com/DENON-COLUMBIA/speaker3.JPG;https://audio-database.com/DENON-COLUMBIA/speaker/index3.htmlD-12A;https://audio-database.com/DESIGNACOUSTICS/D-12A;https://audio-database.com/DESIGNACOUSTICS/speaker/d-12a-e.htmlDS Series(~70s;https://audio-database.com/MITSUBISHI-DIATONE/speaker.JPG;https://audio-database.com/MITSUBISHI-DIATONE/diatoneds/index.html
DS Series(80s;https://audio-database.com/MITSUBISHI-DIATONE/speaker2.JPG;https://audio-database.com/MITSUBISHI-DIATONE/diatoneds/index2.html
DS Series(90s;https://audio-database.com/MITSUBISHI-DIATONE/speaker3.JPG;https://audio-database.com/MITSUBISHI-DIATONE/diatoneds/index3.htmlLoudspeaker;https://audio-database.com/DOKORDER/speaker.JPG;https://audio-database.com/DOKORDER/speaker/index.htmlSpeaker System;https://audio-database.com/DUAL/speaker.JPG;https://audio-database.com/DUAL/speaker/index.htmlSpeaker System;https://audio-database.com/DYNACO-SCANDYNA/speaker.JPG;https://audio-database.com/DYNACO-SCANDYNA/speaker/index.htmlSpeaker System;https://audio-database.com/ELECTRO-VOICE/speaker.JPG;https://audio-database.com/ELECTRO-VOICE/speaker/index.html
Full range unit;https://audio-database.com/ELECTRO-VOICE/unit.JPG;https://audio-database.com/ELECTRO-VOICE/unit/index.html
Coaxial unit;https://audio-database.com/ELECTRO-VOICE/unit.JPG;https://audio-database.com/ELECTRO-VOICE/unit/index.html
Woofer unit;https://audio-database.com/ELECTRO-VOICE/unit.JPG;https://audio-database.com/ELECTRO-VOICE/unit/index.html
Tweeter unit;https://audio-database.com/ELECTRO-VOICE/unit.JPG;https://audio-database.com/ELECTRO-VOICE/unit/index.html
Driver unit;https://audio-database.com/ELECTRO-VOICE/unit.JPG;https://audio-database.com/ELECTRO-VOICE/unit/index.html
Horn;https://audio-database.com/ELECTRO-VOICE/unit.JPG;https://audio-database.com/ELECTRO-VOICE/unit/index.html
Network;https://audio-database.com/ELECTRO-VOICE/unit.JPG;https://audio-database.com/ELECTRO-VOICE/unit/index.html
Attenuator;https://audio-database.com/ELECTRO-VOICE/unit.JPG;https://audio-database.com/ELECTRO-VOICE/unit/index.html
others;https://audio-database.com/ELECTRO-VOICE/unit.JPG;https://audio-database.com/ELECTRO-VOICE/unit/index.htmlSpeaker System;https://audio-database.com/ESS/speaker.JPG;https://audio-database.com/ESS/speaker/index.html
Speaker Unit;https://audio-database.com/ESS/unit.jpg;https://audio-database.com/ESS/unit/index.htmlSpeaker System;https://audio-database.com/ETONE/speaker.JPG;https://audio-database.com/ETONE/speaker/index.htmlSpeaker System;https://audio-database.com/FERROGRAPH/speaker.JPG;https://audio-database.com/FERROGRAPH/speaker/index.htmlSpeaker System;https://audio-database.com/FOSTER-FOSTEX/speaker.JPG;https://audio-database.com/FOSTER-FOSTEX/speaker/index.html
Active Speaker;https://audio-database.com/FOSTER-FOSTEX/speaker2.JPG;https://audio-database.com/FOSTER-FOSTEX/speaker/index2.html
Subwoofer;https://audio-database.com/FOSTER-FOSTEX/speaker3.JPG;https://audio-database.com/FOSTER-FOSTEX/speaker/index3.htmlWoofer Unit;https://audio-database.com/GOTOUNIT/unit.JPG;https://audio-database.com/GOTOUNIT/unit/index.html
Driver Unit;https://audio-database.com/GOTOUNIT/unit.JPG;https://audio-database.com/GOTOUNIT/unit/index.html
Horn;https://audio-database.com/GOTOUNIT/unit.JPG;https://audio-database.com/GOTOUNIT/unit/index.htmlSpeaker System;https://audio-database.com/HARMAN_KARDON/speaker.JPG;https://audio-database.com/HARMAN_KARDON/speaker/index.htmlSpeaker System;https://audio-database.com/INAX/speaker.JPG;https://audio-database.com/INAX/speaker/index.htmlSpeaker System;https://audio-database.com/INFINITY/speaker.JPG;https://audio-database.com/INFINITY/speaker/index.html
Center Speaker;https://audio-database.com/INFINITY/speaker2.JPG;https://audio-database.com/INFINITY/speaker/index2.html
Subwoofer;https://audio-database.com/INFINITY/speaker2.JPG;https://audio-database.com/INFINITY/speaker/index2.htmlSpeaker System;https://audio-database.com/JBL/speaker.JPG;https://audio-database.com/JBL/speaker/index.html
Professional Series;https://audio-database.com/JBL/speaker.JPG;https://audio-database.com/JBL/speaker/index.html
Speaker System;https://audio-database.com/JBL/speaker2.JPG;https://audio-database.com/JBL/speaker/index2.html
consumer use;https://audio-database.com/JBL/speaker2.JPG;https://audio-database.com/JBL/speaker/index2.html
Center Speaker;https://audio-database.com/JBL/speaker3.JPG;https://audio-database.com/JBL/speaker/index3.html
Subwoofer;https://audio-database.com/JBL/speaker3.JPG;https://audio-database.com/JBL/speaker/index3.html
Mid-high range speaker;https://audio-database.com/JBL/speaker3.JPG;https://audio-database.com/JBL/speaker/index3.htmlSpeaker System;https://audio-database.com/KEF/speaker.JPG;https://audio-database.com/KEF/speaker/index.htmlSpeaker System;https://audio-database.com/KLIPSCH/speaker.JPG;https://audio-database.com/KLIPSCH/speaker/index.htmlSpeaker System;https://audio-database.com/LEAK/speaker.JPG;https://audio-database.com/LEAK/speaker/index.htmlSpeaker System;https://audio-database.com/LINN/speaker.JPG;https://audio-database.com/LINN/speaker/index.html
Subwoofer;https://audio-database.com/LINN/speaker.JPG;https://audio-database.com/LINN/speaker/index.htmlSpeaker System;https://audio-database.com/Lo-D-HITACHI/speaker.JPG;https://audio-database.com/Lo-D-HITACHI/speaker/index.html
Active Speaker;https://audio-database.com/Lo-D-HITACHI/speaker.JPG;https://audio-database.com/Lo-D-HITACHI/speaker/index.html
Speaker Unit;https://audio-database.com/Lo-D-HITACHI/unit.JPG;https://audio-database.com/Lo-D-HITACHI/unit/index.htmlSpeaker System;https://audio-database.com/LUXMAN/speaker.JPG;https://audio-database.com/LUXMAN/speaker/index.htmlSpeaker System;https://audio-database.com/LandB/speaker.JPG;https://audio-database.com/LandB/speaker/index.htmlSpeaker System;https://audio-database.com/MARANTZ/speaker.JPG;https://audio-database.com/MARANTZ/speaker/index.html
Active Speaker;https://audio-database.com/MARANTZ/speaker.JPG;https://audio-database.com/MARANTZ/speaker/index.htmlSpeaker System;https://audio-database.com/MAGNAT/speaker.JPG;https://audio-database.com/MAGNAT/speaker/index.htmlSpeaker System;https://audio-database.com/MAXONIC/speaker.JPG;https://audio-database.com/MAXONIC/speaker_unit/index.html
Speaker Unit;https://audio-database.com/MAXONIC/unit.JPG;https://audio-database.com/MAXONIC/speaker_unit/index2.htmlSpeaker System;https://audio-database.com/MCINTOSH/speaker.JPG;https://audio-database.com/MCINTOSH/speaker/index.htmlSpeaker System;https://audio-database.com/MERIDIAN/speaker.JPG;https://audio-database.com/MERIDIAN/speaker/index.html
Active Speaker;https://audio-database.com/MERIDIAN/speaker.JPG;https://audio-database.com/MERIDIAN/speaker/index.htmlSpeaker System;https://audio-database.com/MIRAGE/speaker.JPG;https://audio-database.com/MIRAGE/speaker/index.htmlSpeaker System;https://audio-database.com/NEC/speaker.JPG;https://audio-database.com/NEC/speaker/index.htmlSpeaker System;https://audio-database.com/NIKKA/speaker.JPG;https://audio-database.com/NIKKA/speaker/index.htmlSpeaker System;https://audio-database.com/ONKYO/speaker.JPG;https://audio-database.com/ONKYO/speaker/index.html
Speaker System(80s;https://audio-database.com/ONKYO/speaker2.JPG;https://audio-database.com/ONKYO/speaker/index2.html
Speaker System(90s;https://audio-database.com/ONKYO/speaker3.JPG;https://audio-database.com/ONKYO/speaker/index3.htmlSpeaker System;https://audio-database.com/PARAGONACOUSTICS/speaker.JPG;https://audio-database.com/PARAGONACOUSTICS/speaker/index.htmlSpeaker System;https://audio-database.com/PHILIPS/speaker.JPG;https://audio-database.com/PHILIPS/speaker/index.html
Active Speaker;https://audio-database.com/PHILIPS/speaker.JPG;https://audio-database.com/PHILIPS/speaker/index.html
Full range unit;https://audio-database.com/PHILIPS/unit.JPG;https://audio-database.com/PHILIPS/unit/index.html
Squawker unit;https://audio-database.com/PHILIPS/unit.JPG;https://audio-database.com/PHILIPS/unit/index.html
Tweeter unit;https://audio-database.com/PHILIPS/unit.JPG;https://audio-database.com/PHILIPS/unit/index.htmlSpeaker System;https://audio-database.com/PIONEER-EXCLUSIVE/speaker.JPG;https://audio-database.com/PIONEER-EXCLUSIVE/speaker/index.html
70s;https://audio-database.com/PIONEER-EXCLUSIVE/speaker.JPG;https://audio-database.com/PIONEER-EXCLUSIVE/speaker/index.html
Speaker System;https://audio-database.com/PIONEER-EXCLUSIVE/speaker2.JPG;https://audio-database.com/PIONEER-EXCLUSIVE/speaker/index2.html
80s;https://audio-database.com/PIONEER-EXCLUSIVE/speaker2.JPG;https://audio-database.com/PIONEER-EXCLUSIVE/speaker/index2.html
Speaker System;https://audio-database.com/PIONEER-EXCLUSIVE/speaker3.JPG;https://audio-database.com/PIONEER-EXCLUSIVE/speaker/index3.html
90s;https://audio-database.com/PIONEER-EXCLUSIVE/speaker3.JPG;https://audio-database.com/PIONEER-EXCLUSIVE/speaker/index3.htmlSpeaker System;https://audio-database.com/PLATINUM/speaker.JPG;https://audio-database.com/PLATINUM/speaker/index.htmlSpeaker System;https://audio-database.com/PMC/speaker.JPG;https://audio-database.com/PMC/speaker/index.htmlSpeaker System;https://audio-database.com/QUAD/speaker.JPG;https://audio-database.com/QUAD/speaker/index.htmlSpeaker System;https://audio-database.com/ROR/speaker.JPG;https://audio-database.com/ROR/speaker/index.htmlSpeaker System;https://audio-database.com/ROTEL/speaker.JPG;https://audio-database.com/ROTEL/speaker/index.htmlSpeaker System;https://audio-database.com/SANSUI/speaker.JPG;https://audio-database.com/SANSUI/speaker/index.htmlSpeaker System;https://audio-database.com/YAMAHA/speaker.JPG;https://audio-database.com/YAMAHA/speaker/index.html
Active Speaker;https://audio-database.com/YAMAHA/speaker2.JPG;https://audio-database.com/YAMAHA/speaker/index2.html
Center Speaker;https://audio-database.com/YAMAHA/speaker2.JPG;https://audio-database.com/YAMAHA/speaker/index2.html
Subwoofer;https://audio-database.com/YAMAHA/speaker2.JPG;https://audio-database.com/YAMAHA/speaker/index2.html
Speaker Unit;https://audio-database.com/YAMAHA/speaker3.JPG;https://audio-database.com/YAMAHA/unit/index.html
Network, Other;https://audio-database.com/YAMAHA/speaker3.JPG;https://audio-database.com/YAMAHA/unit/index.html