Speaker systemSubwoofer;https://audio-database.com/ADC/speaker/index.html;https://audio-database.com/ADC/speaker.JPG
Model5B;https://audio-database.com/AERIALACOUSTICS/speaker/model5b.html;https://audio-database.com/AERIALACOUSTICS/speaker/sammodel5b.jpg
Model6;https://audio-database.com/AERIALACOUSTICS/speaker/model6.html;https://audio-database.com/AERIALACOUSTICS/speaker/sammodel6.jpg
Model7B;https://audio-database.com/AERIALACOUSTICS/speaker/model7b.html;https://audio-database.com/AERIALACOUSTICS/speaker/sammodel7b.jpg
Model9;https://audio-database.com/AERIALACOUSTICS/speaker/model9.html;https://audio-database.com/AERIALACOUSTICS/speaker/sammodel9.jpg
Model20T;https://audio-database.com/AERIALACOUSTICS/speaker/model20t.html;https://audio-database.com/AERIALACOUSTICS/speaker/sammodel20t.jpg
Model LR3;https://audio-database.com/AERIALACOUSTICS/speaker/modellr3.html;https://audio-database.com/AERIALACOUSTICS/speaker/sammodellr3.jpg
Model SR3;https://audio-database.com/AERIALACOUSTICS/speaker/modelsr3.html;https://audio-database.com/AERIALACOUSTICS/speaker/sammodelsr3.jpg
ARCAM TWO;https://audio-database.com/ARCAM/speaker/arcamtwo.html;https://audio-database.com/ARCAM/speaker/samarcamtwo.jpg
DELTA TWO;https://audio-database.com/ARCAM/speaker/deltatwo.html;https://audio-database.com/ARCAM/speaker/samdeltatwo.jpg
Speaker system;https://audio-database.com/AUDIO-TECHNICA/speaker/index.html;https://audio-database.com/AUDIO-TECHNICA/speaker.JPG
LS-3B;https://audio-database.com/AURASOUND/speaker/ls-3b.html;https://audio-database.com/AURASOUND/speaker/samls-3b.jpg
LS-SAT6;https://audio-database.com/AURASOUND/speaker/ls-sat6.html;https://audio-database.com/AURASOUND/speaker/samls-sat6.jpg
Speaker system;https://audio-database.com/BALLAD/speaker/index.html;https://audio-database.com/BALLAD/speaker.JPG
Speaker system;https://audio-database.com/BANGandOLUFSEN/speaker/index.html;https://audio-database.com/BANGandOLUFSEN/speaker.JPG
Speaker system;https://audio-database.com/BOXER/speaker/index.html;https://audio-database.com/BOXER/speaker.JPG
Speaker systemActive speaker;https://audio-database.com/BRAUN/speaker/index.html;https://audio-database.com/BRAUN/speaker.JPG
Speaker systemSpeaker set;https://audio-database.com/CAMBRIDGESOUNDWORKS/speaker/index.html;https://audio-database.com/CAMBRIDGESOUNDWORKS/speaker.JPG
CLS10;https://audio-database.com/CREEK/speaker/cls10.html;https://audio-database.com/CREEK/speaker/samcls10.JPG
Speaker system;https://audio-database.com/ELECTRORESEARCH/speaker/index.html;https://audio-database.com/ELECTRORESEARCH/speaker.JPG
Speaker system;https://audio-database.com/ENSEMBLE/speaker/index.html;https://audio-database.com/ENSEMBLE/speaker.JPG
Speaker system;https://audio-database.com/EPI/speaker/index.html;https://audio-database.com/EPI/speaker.JPG
Speaker systemCenter speakerSubwoofer;https://audio-database.com/FOCAL-JMLAB/speaker/index.html;https://audio-database.com/FOCAL-JMLAB/speaker.JPG
Speaker system(Until the 80 s;https://audio-database.com/SONY-ESPRIT/speaker/index.html;https://audio-database.com/SONY-ESPRIT/speaker.JPG
Speaker system(90 s and later;https://audio-database.com/SONY-ESPRIT/speaker/index2.html;https://audio-database.com/SONY-ESPRIT/speaker2.JPG
Center speakerSubwooferActive speaker;https://audio-database.com/SONY-ESPRIT/speaker/index3.html;https://audio-database.com/SONY-ESPRIT/speaker3.JPG
Speaker unit;https://audio-database.com/SONY-ESPRIT/unit/index.html;https://audio-database.com/SONY-ESPRIT/unit.jpg
Speaker systemSubwoofer;https://audio-database.com/TEAC-ESOTERIC/speaker/index.html;https://audio-database.com/TEAC-ESOTERIC/speaker.JPG
Speaker system;https://audio-database.com/TechnicsPanasonic/speaker/index.html;https://audio-database.com/TechnicsPanasonic/speaker.JPG
Speaker System 2;https://audio-database.com/TechnicsPanasonic/speaker/index2.html;https://audio-database.com/TechnicsPanasonic/speaker2.JPG
SubwooferSpeaker set;https://audio-database.com/TechnicsPanasonic/speaker/index3.html;https://audio-database.com/TechnicsPanasonic/speaker3.JPG
Speaker system;https://audio-database.com/TRIO-KENWOOD/speaker/index.html;https://audio-database.com/TRIO-KENWOOD/speaker.JPG
SubwooferOther speakers;https://audio-database.com/TRIO-KENWOOD/speaker/index2.html;https://audio-database.com/TRIO-KENWOOD/speaker2.JPG
Speaker system(~ 80 s;https://audio-database.com/VICTOR/Speaker/index.html;https://audio-database.com/VICTOR/speaker.JPG
Speaker system(90 s;https://audio-database.com/VICTOR/Speaker/index2.html;https://audio-database.com/VICTOR/speaker2.JPG
Subwoofer;https://audio-database.com/VICTOR/Speaker/index3.html;https://audio-database.com/VICTOR/speaker3.JPG
