E-6SUB;https://audio-database.com/AAD/speaker/e-6sub.html;https://audio-database.com/AAD/speaker/same-6sub.jpg
E-8SUB;https://audio-database.com/AAD/speaker/e-8sub.html;https://audio-database.com/AAD/speaker/same-8sub.jpg
System 1.2;https://audio-database.com/ACUSTIK-LAB/speaker/system1-2-e.html;https://audio-database.com/ACUSTIK-LAB/speaker/samsystem1-2.JPG
Model SW12;https://audio-database.com/AERIALACOUSTICS/speaker/modelsw12.html;https://audio-database.com/AERIALACOUSTICS/speaker/sammodelsw12.jpg
Classic Sub;https://audio-database.com/ALR/speaker/classicsub.html;https://audio-database.com/ALR/speaker/samclassicsub.jpg
LSS-089;https://audio-database.com/AURASOUND/speaker/lss-089.html;https://audio-database.com/AURASOUND/speaker/samlss-089.jpg
SG-12;https://audio-database.com/AURASOUND/speaker/sg-12.html;https://audio-database.com/AURASOUND/speaker/samsg-12.jpg
ERGO70;https://audio-database.com/CANTON/speaker/ergo70.html;https://audio-database.com/CANTON/speaker/samergo70.JPG
ERGO90;https://audio-database.com/CANTON/speaker/ergo90.html;https://audio-database.com/CANTON/speaker/samergo90.JPG
ERGO120;https://audio-database.com/CANTON/speaker/ergo120.html;https://audio-database.com/CANTON/speaker/samergo120.JPG
