FM/AM Tuner;https://audio-database.com/Accuphase-kensonic/tuner/index.html;https://audio-database.com/Accuphase-kensonic/tuner.JPG
CS-PCM Tuner;https://audio-database.com/Accuphase-kensonic/tuner/index.html;https://audio-database.com/Accuphase-kensonic/tuner.JPG
T-1;https://audio-database.com/ADC/tuner/t-1.html;https://audio-database.com/ADC/tuner/samt-1.jpg
FM/AM Tuner;https://audio-database.com/AIWA/tuner/index.html;https://audio-database.com/AIWA/tuner.jpg
DA-F9000;https://audio-database.com/AKAI/tuner/da-f9000.html;https://audio-database.com/AKAI/tuner/samda-f9000.jpg
CD-50;https://audio-database.com/AURA/player/cd-50.html;https://audio-database.com/AURA/player/samcd-50.jpg
FM/AM Tuner;https://audio-database.com/AUREX/tuner/index.html;https://audio-database.com/AUREX/tuner.JPG
FM/AM Tuner;https://audio-database.com/CORAL/tuner/index.html;https://audio-database.com/CORAL/tuner.JPG
Cyrus Tuner;https://audio-database.com/CYRUS-MISSION/tuner/cyrustuner.html;https://audio-database.com/CYRUS-MISSION/tuner/samcyrustuner.jpg
Cassette Deck;https://audio-database.com/DENON-COLUMBIA/player/index4.html;https://audio-database.com/DENON-COLUMBIA/player4.JPG
Tape Deck;https://audio-database.com/DENON-COLUMBIA/player/index5.html;https://audio-database.com/DENON-COLUMBIA/player5.JPG
8Track Deck;https://audio-database.com/DENON-COLUMBIA/player/index5.html;https://audio-database.com/DENON-COLUMBIA/player5.JPG
Record Player;https://audio-database.com/DENON-COLUMBIA/player/index6.html;https://audio-database.com/DENON-COLUMBIA/player6.JPG
FM/AM Tuner;https://audio-database.com/MITSUBISHI-DIATONE/tuner/index.html;https://audio-database.com/MITSUBISHI-DIATONE/tuner.JPG
FM/AM Tuner;https://audio-database.com/DYNACO-SCANDYNA/tuner/index.html;https://audio-database.com/DYNACO-SCANDYNA/tuner.JPG
FM/AM Tuner;https://audio-database.com/Lo-D-HITACHI/tuner/index.html;https://audio-database.com/Lo-D-HITACHI/tuner.JPG
TV Tuner;https://audio-database.com/Lo-D-HITACHI/tuner/index.html;https://audio-database.com/Lo-D-HITACHI/tuner.JPG
FM/AM Tuner;https://audio-database.com/LUXMAN/tuner/index.html;https://audio-database.com/LUXMAN/tuner.JPG
FM/AM Tuner;https://audio-database.com/MARANTZ/tuner/index.html;https://audio-database.com/MARANTZ/tuner.JPG
BS/TV Tuner;https://audio-database.com/MARANTZ/tuner/index.html;https://audio-database.com/MARANTZ/tuner.JPG
FM/AM Tuner;https://audio-database.com/MCINTOSH/tuner/index.html;https://audio-database.com/MCINTOSH/tuner.JPG
FM Tuner;https://audio-database.com/MERIDIAN/tuner/index.html;https://audio-database.com/MERIDIAN/tuner.JPG
FM/AM Tuner;https://audio-database.com/NAKAMICHI/tuner/index.html;https://audio-database.com/NAKAMICHI/tuner.JPG
DVD Player;https://audio-database.com/ONKYO/player/index.html;https://audio-database.com/ONKYO/player.JPG
CD Player;https://audio-database.com/ONKYO/player/index.html;https://audio-database.com/ONKYO/player.JPG
MD Deck;https://audio-database.com/ONKYO/player/index.html;https://audio-database.com/ONKYO/player.JPG
DAT Deck;https://audio-database.com/ONKYO/player/index.html;https://audio-database.com/ONKYO/player.JPG
Cassette Deck;https://audio-database.com/ONKYO/player/index2.html;https://audio-database.com/ONKYO/player2.JPG
Record Player;https://audio-database.com/ONKYO/player/index2.html;https://audio-database.com/ONKYO/player2.JPG
FM/AM Tuner;https://audio-database.com/PHILIPS/tuner/index.html;https://audio-database.com/PHILIPS/tuner.JPG
FM/AM Tuner;https://audio-database.com/PIONEER-EXCLUSIVE/tuner/index.html;https://audio-database.com/PIONEER-EXCLUSIVE/tuner.JPG
TV Tuner;https://audio-database.com/PIONEER-EXCLUSIVE/tuner/index.html;https://audio-database.com/PIONEER-EXCLUSIVE/tuner.JPG
FM Tuner;https://audio-database.com/QUAD/tuner/index.html;https://audio-database.com/QUAD/tuner.JPG
FM/AM Tuner;https://audio-database.com/ROTEL/tuner/index.html;https://audio-database.com/ROTEL/tuner.JPG
CD Player;https://audio-database.com/SANSUI/player/index.html;https://audio-database.com/SANSUI/player.JPG
MD Deck;https://audio-database.com/SANSUI/player/index.html;https://audio-database.com/SANSUI/player.JPG
Record Player;https://audio-database.com/SANSUI/player/index2.html;https://audio-database.com/SANSUI/player2.JPG
Cassette Deck;https://audio-database.com/SANSUI/player/index3.html;https://audio-database.com/SANSUI/player3.JPG
Tape Deck;https://audio-database.com/SANSUI/player/index3.html;https://audio-database.com/SANSUI/player3.JPG
4ch Tape Deck;https://audio-database.com/SANSUI/player/index3.html;https://audio-database.com/SANSUI/player3.JPG
FM/AM tuner, TV tuner;https://audio-database.com/SONY-ESPRIT/tuner/index.html;https://audio-database.com/SONY-ESPRIT/tuner.JPG
FM/AM Tuner;https://audio-database.com/TEAC-ESOTERIC/tuner/index.html;https://audio-database.com/TEAC-ESOTERIC/tuner.JPG
FM/AM TunerTV tunerCS-PCM tuner;https://audio-database.com/TechnicsPanasonic/tuner/index.html;https://audio-database.com/TechnicsPanasonic/tuner.JPG
FM/AM Tuner;https://audio-database.com/TRIO-KENWOOD/tuner/index.html;https://audio-database.com/TRIO-KENWOOD/tuner.JPG
FM/AM tuner, TV tuner;https://audio-database.com/VICTOR/tuner/index.html;https://audio-database.com/VICTOR/tuner.JPG
FM/AM Tuner, TV Tuner;https://audio-database.com/YAMAHA/tuner/index.html;https://audio-database.com/YAMAHA/tuner.JPG
