A-1;https://audio-database.com/ADC/amp/a-1.html;https://audio-database.com/ADC/amp/sama-1.jpg
Pre-main amplifierControl amplifierPower amplifierCD tuner amplifier;https://audio-database.com/ARCAM/amp/index.html;https://audio-database.com/ARCAM/amp.JPG
Pre-main amplifierControl amplifierPower amplifier;https://audio-database.com/AUDIOLAB/amp/index.html;https://audio-database.com/AUDIOLAB/amp.JPG
Control amplifierMonaural power amplifierStereo power amplifier;https://audio-database.com/AUDIORESEARCH/amp/index.html;https://audio-database.com/AUDIORESEARCH/amp.JPG
British Stingray;https://audio-database.com/AURA/amp/british-stingray.html;https://audio-database.com/AURA/amp/sambritish-stingray.jpg
VA-50;https://audio-database.com/AURA/amp/va-50.html;https://audio-database.com/AURA/amp/samva-50.jpg
Receiver;https://audio-database.com/BANGandOLUFSEN/amp/index.html;https://audio-database.com/BANGandOLUFSEN/amp.JPG
Control amplifierPower amplifier;https://audio-database.com/BEARD/amp/index.html;https://audio-database.com/BEARD/amp.JPG
Control amplifierPower amplifier;https://audio-database.com/BGW/amp/index.html;https://audio-database.com/BGW/amp.JPG
Control amplifierPower amplifier;https://audio-database.com/BOULDER/amp/index.html;https://audio-database.com/BOULDER/amp.JPG
Control amplifier;https://audio-database.com/BRAUN/amp/index.html;https://audio-database.com/BRAUN/amp.JPG
Control amplifierMonaural power amplifierStereo power amplifier;https://audio-database.com/AMCRON/amp/index.html;https://audio-database.com/AMCRON/amp.JPG
Control amplifierMonaural power amplifierStereo power amplifier;https://audio-database.com/DYNAVECTOR/amp/index.html;https://audio-database.com/DYNAVECTOR/amp.JPG
Pre-main amplifier;https://audio-database.com/EAR/amp/index.html;https://audio-database.com/EAR/amp.JPG
PreamplifierPower amplifier;https://audio-database.com/FMACOUSTICS/amp/index.html;https://audio-database.com/FMACOUSTICS/amp.JPG
Control amplifierPower amplifier;https://audio-database.com/FORTEAUDIO/amp/index.html;https://audio-database.com/FORTEAUDIO/amp.JPG
Pre-main amplifier;https://audio-database.com/SONY-ESPRIT/amp/index.html;https://audio-database.com/SONY-ESPRIT/amp.JPG
Control amplifierPower amplifier;https://audio-database.com/SONY-ESPRIT/amp/index2.html;https://audio-database.com/SONY-ESPRIT/amp2.JPG
AV amplifierReceiver;https://audio-database.com/SONY-ESPRIT/amp/index3.html;https://audio-database.com/SONY-ESPRIT/amp3.JPG
Pre-main amplifierSeparate amplifier;https://audio-database.com/TEAC-ESOTERIC/amp/index.html;https://audio-database.com/TEAC-ESOTERIC/amp.JPG
Pre-main amplifier;https://audio-database.com/TechnicsPanasonic/amp/index.html;https://audio-database.com/TechnicsPanasonic/amp.JPG
Separate amplifier;https://audio-database.com/TechnicsPanasonic/amp/index2.html;https://audio-database.com/TechnicsPanasonic/amp2.JPG
ReceiverAV amplifierOther amplifiers;https://audio-database.com/TechnicsPanasonic/amp/index3.html;https://audio-database.com/TechnicsPanasonic/amp3.JPG
Pre-main amplifier;https://audio-database.com/TRIO-KENWOOD/amp/index.html;https://audio-database.com/TRIO-KENWOOD/amp.JPG
Separate amplifier and receiverAV amplifier and other amplifiers;https://audio-database.com/TRIO-KENWOOD/amp/index2.html;https://audio-database.com/TRIO-KENWOOD/amp2.JPG
Pre-main amplifier;https://audio-database.com/VICTOR/amp/index.html;https://audio-database.com/VICTOR/amp.JPG
Separate amplifier and receiverAV amplifier and other amplifiers;https://audio-database.com/VICTOR/amp/index2.html;https://audio-database.com/VICTOR/amp2.JPG
