Maestro CDP;https://audio-database.com/AUDIOANALOGUE/player/maestrocdp.html;https://audio-database.com/AUDIOANALOGUE/player/sammaestrocdp.jpg
PAGANINI NV;https://audio-database.com/AUDIOANALOGUE/player/paganininv.html;https://audio-database.com/AUDIOANALOGUE/player/sampaganininv.jpg
VA-100EV;https://audio-database.com/AURA/amp/va-100ev.html;https://audio-database.com/AURA/amp/samva-100ev.jpg
VA-100EVII;https://audio-database.com/AURA/amp/va-100evii.html;https://audio-database.com/AURA/amp/samva-100evii.jpg
S2000MC;https://audio-database.com/AVINTERNATIONAL/player/s2000mc.html;https://audio-database.com/AVINTERNATIONAL/player/sams2000mc.JPG
S2000MCII;https://audio-database.com/AVINTERNATIONAL/player/s2000mcii.html;https://audio-database.com/AVINTERNATIONAL/player/sams2000mcii.jpg
WIZARD;https://audio-database.com/BOWTECHNOLOGIES/player/wizard.html;https://audio-database.com/BOWTECHNOLOGIES/player/samwizard.jpg
ZZ-Eight;https://audio-database.com/BOWTECHNOLOGIES/player/zz-eight.html;https://audio-database.com/BOWTECHNOLOGIES/player/samzz-eight.jpg
TORNADO;https://audio-database.com/CAIRN/player/tornado.html;https://audio-database.com/CAIRN/player/samtornado.jpg
No ImageClick here for details.CLASSE700;https://audio-database.com/CLASSE/amp/classe700.html;https://audio-database.com/CLASSE/detail
CLASSE1000;https://audio-database.com/CLASSE/amp/classe1000.html;https://audio-database.com/CLASSE/amp/samclasse1000.jpg
CD60;https://audio-database.com/CREEK/player/cd60.html;https://audio-database.com/CREEK/player/samcd60.JPG
Cyrus DAD7;https://audio-database.com/CYRUS-MISSION/player/cyrusdad7.html;https://audio-database.com/CYRUS-MISSION/player/samcyrusdad7.jpg
PCM7000;https://audio-database.com/CYRUS-MISSION/player/pcm7000.html;https://audio-database.com/CYRUS-MISSION/player/sampcm7000.jpg
