S2000MI;https://audio-database.com/AVINTERNATIONAL/amp/s2000mi.html;https://audio-database.com/AVINTERNATIONAL/amp/sams2000mi.jpg
S101;https://audio-database.com/BLADELIUS/amp/s101.html;https://audio-database.com/BLADELIUS/amp/sams101.jpg
Thor mkII;https://audio-database.com/BLADELIUS/amp/thormkii.html;https://audio-database.com/BLADELIUS/amp/samthormkii.jpg
WAZOO;https://audio-database.com/BOWTECHNOLOGIES/amp/wazoo.html;https://audio-database.com/BOWTECHNOLOGIES/amp/samwazoo.jpg
WAZOO XL;https://audio-database.com/BOWTECHNOLOGIES/amp/wazooxl.html;https://audio-database.com/BOWTECHNOLOGIES/amp/samwazooxl.jpg
ZZ-One;https://audio-database.com/BOWTECHNOLOGIES/amp/zz-one.html;https://audio-database.com/BOWTECHNOLOGIES/amp/samzz-one.jpg
System909;https://audio-database.com/BURMESTER/amp/system909.html;https://audio-database.com/BURMESTER/amp/samsystem909.jpg
4040;https://audio-database.com/CREEK/amp/4040.html;https://audio-database.com/CREEK/amp/sam4040.JPG
4140;https://audio-database.com/CREEK/amp/4140.html;https://audio-database.com/CREEK/amp/sam4140.JPG
6060;https://audio-database.com/CREEK/amp/6060.html;https://audio-database.com/CREEK/amp/sam6060.JPG
