D/A converter;https://audio-database.com/Accuphase-kensonic/etc/index.html;https://audio-database.com/Accuphase-kensonic/etc.JPG
A/D converter;https://audio-database.com/Accuphase-kensonic/etc/index.html;https://audio-database.com/Accuphase-kensonic/etc.JPG
MC Cartridge;https://audio-database.com/Accuphase-kensonic/etc/index.html;https://audio-database.com/Accuphase-kensonic/etc.JPG
MC Head Amplifier;https://audio-database.com/Accuphase-kensonic/etc/index.html;https://audio-database.com/Accuphase-kensonic/etc.JPG
Channel Divider;https://audio-database.com/Accuphase-kensonic/etc/index2.html;https://audio-database.com/Accuphase-kensonic/etc2.JPG
Graphic Equalizer;https://audio-database.com/Accuphase-kensonic/etc/index2.html;https://audio-database.com/Accuphase-kensonic/etc2.JPG
Voicing Equalizer;https://audio-database.com/Accuphase-kensonic/etc/index2.html;https://audio-database.com/Accuphase-kensonic/etc2.JPG
Clean power supply;https://audio-database.com/Accuphase-kensonic/etc/index3.html;https://audio-database.com/Accuphase-kensonic/etc3.JPG
Power Bridge Network;https://audio-database.com/Accuphase-kensonic/etc/index3.html;https://audio-database.com/Accuphase-kensonic/etc3.JPG
remote commander;https://audio-database.com/Accuphase-kensonic/etc/index3.html;https://audio-database.com/Accuphase-kensonic/etc3.JPG
Option Unit;https://audio-database.com/Accuphase-kensonic/etc/index3.html;https://audio-database.com/Accuphase-kensonic/etc3.JPG
Graphic equalizerSpectrum analyzer;https://audio-database.com/ADC/etc/index.html;https://audio-database.com/ADC/etc.JPG
CartridgeTone arm;https://audio-database.com/ADC/etc/index2.html;https://audio-database.com/ADC/etc2.JPG
Model201;https://audio-database.com/ADVENT/player/model201.html;https://audio-database.com/ADVENT/player/sammodel201.jpg
Phono Equalizer;https://audio-database.com/AIRTIGHT/etc/index.html;https://audio-database.com/AIRTIGHT/etc.JPG
Surround Processor;https://audio-database.com/AKAI/etc/index.html;https://audio-database.com/AKAI/etc.JPG
Graphic Equalizer;https://audio-database.com/AKAI/etc/index.html;https://audio-database.com/AKAI/etc.JPG
Audio Timer;https://audio-database.com/AKAI/etc/index.html;https://audio-database.com/AKAI/etc.JPG
Headphone/Earphone;https://audio-database.com/AKAI/etc/index2.html;https://audio-database.com/AKAI/etc2.JPG
full-range unit;https://audio-database.com/ALTEC/unit/index.html;https://audio-database.com/ALTEC/unit.JPG
Coaxial Unit;https://audio-database.com/ALTEC/unit/index.html;https://audio-database.com/ALTEC/unit.JPG
woofer unit;https://audio-database.com/ALTEC/unit/index2.html;https://audio-database.com/ALTEC/unit2.JPG
Tweeter Unit;https://audio-database.com/ALTEC/unit/index3.html;https://audio-database.com/ALTEC/unit3.JPG
Driver Unit;https://audio-database.com/ALTEC/unit/index3.html;https://audio-database.com/ALTEC/unit3.JPG
horn;https://audio-database.com/ALTEC/unit/index3.html;https://audio-database.com/ALTEC/unit3.JPG
Spectral equalizer;https://audio-database.com/AR/etc/index.html;https://audio-database.com/AR/etc.JPG
D/A converter;https://audio-database.com/ARCAM/etc/index.html;https://audio-database.com/ARCAM/etc.jpg
D/A converterHead Amp / Plump AmpElectronic crossover;https://audio-database.com/AUDIORESEARCH/etc/index.html;https://audio-database.com/AUDIORESEARCH/etc.JPG
Cartridge;https://audio-database.com/AUDIO-TECHNICA/etc/index.html;https://audio-database.com/AUDIO-TECHNICA/etc.JPG
Booster transformerOther Player Accessories;https://audio-database.com/AUDIO-TECHNICA/etc/index2.html;https://audio-database.com/AUDIO-TECHNICA/etc2.JPG
Headphone;https://audio-database.com/AUDIO-TECHNICA/etc/index3.html;https://audio-database.com/AUDIO-TECHNICA/etc3.jpg
Address Unit;https://audio-database.com/AUREX/etc/index.html;https://audio-database.com/AUREX/etc.JPG
Channel Divider;https://audio-database.com/AUREX/etc/index.html;https://audio-database.com/AUREX/etc.JPG
PCM Processor;https://audio-database.com/AUREX/etc/index.html;https://audio-database.com/AUREX/etc.JPG
Graphic Equalizer;https://audio-database.com/AUREX/etc/index.html;https://audio-database.com/AUREX/etc.JPG
4ch Decorder;https://audio-database.com/AUREX/etc/index.html;https://audio-database.com/AUREX/etc.JPG
4ch Demodulator;https://audio-database.com/AUREX/etc/index.html;https://audio-database.com/AUREX/etc.JPG
Equalizer Amplifier;https://audio-database.com/AUREX/etc/index2.html;https://audio-database.com/AUREX/etc2.JPG
IC Cartridge;https://audio-database.com/AUREX/etc/index2.html;https://audio-database.com/AUREX/etc2.JPG
Condenser Cartridge;https://audio-database.com/AUREX/etc/index2.html;https://audio-database.com/AUREX/etc2.JPG
MM Cartridge;https://audio-database.com/AUREX/etc/index2.html;https://audio-database.com/AUREX/etc2.JPG
Peak Meter Unit;https://audio-database.com/AUREX/etc/index3.html;https://audio-database.com/AUREX/etc3.JPG
Headphone;https://audio-database.com/AUREX/etc/index3.html;https://audio-database.com/AUREX/etc3.JPG
Microphone;https://audio-database.com/AUREX/etc/index3.html;https://audio-database.com/AUREX/etc3.JPG
Mic Mixing Amplifier;https://audio-database.com/AUREX/etc/index3.html;https://audio-database.com/AUREX/etc3.JPG
Audio Timer;https://audio-database.com/AUREX/etc/index3.html;https://audio-database.com/AUREX/etc3.JPG
FM Antenna;https://audio-database.com/AUREX/etc/index3.html;https://audio-database.com/AUREX/etc3.JPG
Cartridge;https://audio-database.com/BANGandOLUFSEN/etc/index.html;https://audio-database.com/BANGandOLUFSEN/etc.JPG
Speaker Stand;https://audio-database.com/BandW/etc/index.html;https://audio-database.com/BandW/etc.JPG
D/A Converter;https://audio-database.com/CEC/etc/index.html;https://audio-database.com/CEC/etc.JPG
Headphone Amplifier;https://audio-database.com/CEC/etc/index.html;https://audio-database.com/CEC/etc.JPG
Turntable;https://audio-database.com/CEC/etc/index2.html;https://audio-database.com/CEC/etc2.JPG
Phono Equalizer;https://audio-database.com/CEC/etc/index2.html;https://audio-database.com/CEC/etc2.JPG
Woofer unit;https://audio-database.com/CORAL/unit/index3.html;https://audio-database.com/CORAL/unit3.JPG
Midrange unit;https://audio-database.com/CORAL/unit/index3.html;https://audio-database.com/CORAL/unit3.JPG
Tweeter unit;https://audio-database.com/CORAL/unit/index4.html;https://audio-database.com/CORAL/unit4.JPG
Driver unit;https://audio-database.com/CORAL/unit/index4.html;https://audio-database.com/CORAL/unit4.JPG
Horn;https://audio-database.com/CORAL/unit/index4.html;https://audio-database.com/CORAL/unit4.JPG
Acoustic lens;https://audio-database.com/CORAL/unit/index4.html;https://audio-database.com/CORAL/unit4.JPG
Horn adapter;https://audio-database.com/CORAL/unit/index4.html;https://audio-database.com/CORAL/unit4.JPG
Dron cone;https://audio-database.com/CORAL/unit/index5.html;https://audio-database.com/CORAL/unit5.JPG
Network;https://audio-database.com/CORAL/unit/index5.html;https://audio-database.com/CORAL/unit5.JPG
Speaker kit;https://audio-database.com/CORAL/unit/index5.html;https://audio-database.com/CORAL/unit5.JPG
Enclosure;https://audio-database.com/CORAL/unit/index5.html;https://audio-database.com/CORAL/unit5.JPG
Tweeter system;https://audio-database.com/CORAL/unit/index5.html;https://audio-database.com/CORAL/unit5.JPG
EqualizerOutput Control CenterChannel dividerReal-time analyzer;https://audio-database.com/AMCRON/etc/index.html;https://audio-database.com/AMCRON/etc.JPG

Power supply unitTone armCartridge;https://audio-database.com/CYRUS-MISSION/etc/index.html;https://audio-database.com/CYRUS-MISSION/etc.JPG
Speaker accessories;https://audio-database.com/DECCA/speaker/speakeraccessory.html;https://audio-database.com/DECCA/speaker/samspeakeraccessory.jpg
Record Player Accessories;https://audio-database.com/DECCA/etc/recordaccessory.html;https://audio-database.com/DECCA/etc/samrecordaccessory.jpg
Speaker System(~80s;https://audio-database.com/DENON-COLUMBIA/speaker/index.html;https://audio-database.com/DENON-COLUMBIA/speaker.JPG
Speaker System(90s;https://audio-database.com/DENON-COLUMBIA/speaker/index2.html;https://audio-database.com/DENON-COLUMBIA/speaker2.JPG
Center Speaker;https://audio-database.com/DENON-COLUMBIA/speaker/index3.html;https://audio-database.com/DENON-COLUMBIA/speaker3.JPG
Subwoofer;https://audio-database.com/DENON-COLUMBIA/speaker/index3.html;https://audio-database.com/DENON-COLUMBIA/speaker3.JPG
Active Speaker;https://audio-database.com/DENON-COLUMBIA/speaker/index3.html;https://audio-database.com/DENON-COLUMBIA/speaker3.JPG
Speaker Set;https://audio-database.com/DENON-COLUMBIA/speaker/index3.html;https://audio-database.com/DENON-COLUMBIA/speaker3.JPG
SC Series;https://audio-database.com/MITSUBISHI-DIATONE/diatonesp/index.html;https://audio-database.com/MITSUBISHI-DIATONE/speaker4.JPG
SS Series;https://audio-database.com/MITSUBISHI-DIATONE/diatonesp/index.html;https://audio-database.com/MITSUBISHI-DIATONE/speaker4.JPG
VS Series;https://audio-database.com/MITSUBISHI-DIATONE/diatonesp/index.html;https://audio-database.com/MITSUBISHI-DIATONE/speaker4.JPG
Other Speaker System;https://audio-database.com/MITSUBISHI-DIATONE/diatonesp/index.html;https://audio-database.com/MITSUBISHI-DIATONE/speaker4.JPG
Center Speaker;https://audio-database.com/MITSUBISHI-DIATONE/diatonesp/index2.html;https://audio-database.com/MITSUBISHI-DIATONE/speaker5.JPG
Subwoofer;https://audio-database.com/MITSUBISHI-DIATONE/diatonesp/index2.html;https://audio-database.com/MITSUBISHI-DIATONE/speaker5.JPG
Active Speaker;https://audio-database.com/MITSUBISHI-DIATONE/diatonesp/index2.html;https://audio-database.com/MITSUBISHI-DIATONE/speaker5.JPG
Speaker Actuator;https://audio-database.com/MITSUBISHI-DIATONE/diatonesp/index2.html;https://audio-database.com/MITSUBISHI-DIATONE/speaker5.JPG
Speaker Unit;https://audio-database.com/MITSUBISHI-DIATONE/unit/index.html;https://audio-database.com/MITSUBISHI-DIATONE/unit.JPG
Audio Equalizer;https://audio-database.com/DYNACO-SCANDYNA/etc/index.html;https://audio-database.com/DYNACO-SCANDYNA/etc.JPG
4ch Adapter;https://audio-database.com/DYNACO-SCANDYNA/etc/index.html;https://audio-database.com/DYNACO-SCANDYNA/etc.JPG
Tone armCartridgeHead shell;https://audio-database.com/DYNAVECTOR/etc/index.html;https://audio-database.com/DYNAVECTOR/etc.JPG
MC CartridgeTone arm;https://audio-database.com/BARCO/etc/index.html;https://audio-database.com/BARCO/etc.jpg
MM CartridgeMC Cartridge;https://audio-database.com/FIDELITYRESEARCH/etc/index.html;https://audio-database.com/FIDELITYRESEARCH/etc.JPG
Head amplifierBooster transformerTone arm;https://audio-database.com/FIDELITYRESEARCH/etc/index2.html;https://audio-database.com/FIDELITYRESEARCH/etc2.JPG
D/A Converter;https://audio-database.com/GOLDMUND-STELLAVOX/etc/index.html;https://audio-database.com/GOLDMUND-STELLAVOX/etc.JPG
Phono Equalizer;https://audio-database.com/GOLDMUND-STELLAVOX/etc/index.html;https://audio-database.com/GOLDMUND-STELLAVOX/etc.JPG
Channel Divider;https://audio-database.com/GOTOUNIT/etc/index.html;https://audio-database.com/GOTOUNIT/etc.JPG
Network;https://audio-database.com/GOTOUNIT/etc/index.html;https://audio-database.com/GOTOUNIT/etc.JPG
Balance Interface;https://audio-database.com/HARMAN_KARDON/etc/index.html;https://audio-database.com/HARMAN_KARDON/etc.JPG
Speaker unit (cone type;https://audio-database.com/JBL/unit/index.html;https://audio-database.com/JBL/unit.JPG
Speaker units(Others;https://audio-database.com/JBL/unit/index2.html;https://audio-database.com/JBL/unit3.JPG
Enclosure;https://audio-database.com/JBL/unit/index3.html;https://audio-database.com/JBL/unit2.jpg

Graphic Equalizer;https://audio-database.com/Lo-D-HITACHI/etc/index.html;https://audio-database.com/Lo-D-HITACHI/etc.JPG
Mic Mixing Amplifier;https://audio-database.com/Lo-D-HITACHI/etc/index.html;https://audio-database.com/Lo-D-HITACHI/etc.JPG
Cartridge;https://audio-database.com/Lo-D-HITACHI/etc/index.html;https://audio-database.com/Lo-D-HITACHI/etc.JPG
Audio Timer;https://audio-database.com/Lo-D-HITACHI/etc/index.html;https://audio-database.com/Lo-D-HITACHI/etc.JPG
Compandor Unit;https://audio-database.com/Lo-D-HITACHI/etc/index.html;https://audio-database.com/Lo-D-HITACHI/etc.JPG
Phono Equalizer Amplifier;https://audio-database.com/LUXMAN/etc/index.html;https://audio-database.com/LUXMAN/etc.JPG
Passive Attenuator;https://audio-database.com/LUXMAN/etc/index.html;https://audio-database.com/LUXMAN/etc.JPG
Audio Computer;https://audio-database.com/MARANTZ/etc/index.html;https://audio-database.com/MARANTZ/etc.JPG
Attenuator;https://audio-database.com/MARANTZ/etc/index.html;https://audio-database.com/MARANTZ/etc.JPG
D/A Converter;https://audio-database.com/MARANTZ/etc/index.html;https://audio-database.com/MARANTZ/etc.JPG
Other;https://audio-database.com/MARANTZ/etc/index.html;https://audio-database.com/MARANTZ/etc.JPG
D/A Converter;https://audio-database.com/MARK_LEVINSON/etc/index.html;https://audio-database.com/MARK_LEVINSON/etc.JPG
Equalizer Amplifier;https://audio-database.com/MARK_LEVINSON/etc/index.html;https://audio-database.com/MARK_LEVINSON/etc.JPG
Power Supply;https://audio-database.com/MARK_LEVINSON/etc/index.html;https://audio-database.com/MARK_LEVINSON/etc.JPG
Crossover Network;https://audio-database.com/MARK_LEVINSON/etc/index.html;https://audio-database.com/MARK_LEVINSON/etc.JPG
MC Head Amplifier;https://audio-database.com/MCINTOSH/etc/index.html;https://audio-database.com/MCINTOSH/etc.JPG
D/A Converter;https://audio-database.com/MCINTOSH/etc/index.html;https://audio-database.com/MCINTOSH/etc.JPG
Remote Controler;https://audio-database.com/MERIDIAN/etc/index.html;https://audio-database.com/MERIDIAN/etc.JPG
MC Head Amplifier;https://audio-database.com/MICRO/etc/index.html;https://audio-database.com/MICRO/etc.JPG
Turntable;https://audio-database.com/MICRO/etc/index.html;https://audio-database.com/MICRO/etc.JPG
Tone Arm;https://audio-database.com/MICRO/etc/index.html;https://audio-database.com/MICRO/etc.JPG
Cartridge;https://audio-database.com/MICRO/etc/index.html;https://audio-database.com/MICRO/etc.JPG
D/A Convertor;https://audio-database.com/NAKAMICHI/etc/index.html;https://audio-database.com/NAKAMICHI/etc.JPG
Surround Decoder;https://audio-database.com/NEC/etc/index.html;https://audio-database.com/NEC/etc.JPG
Processor;https://audio-database.com/NEC/etc/index.html;https://audio-database.com/NEC/etc.JPG
Center Speaker;https://audio-database.com/ONKYO/speaker/index4.html;https://audio-database.com/ONKYO/speaker4.JPG
Subwoofer;https://audio-database.com/ONKYO/speaker/index4.html;https://audio-database.com/ONKYO/speaker4.JPG
Active Speaker;https://audio-database.com/ONKYO/speaker/index4.html;https://audio-database.com/ONKYO/speaker4.JPG
Other;https://audio-database.com/ONKYO/speaker/index4.html;https://audio-database.com/ONKYO/speaker4.JPG
Full range unit;https://audio-database.com/ONKYO/unit/index.html;https://audio-database.com/ONKYO/unit.JPG
Tweeter Unit;https://audio-database.com/ONKYO/unit/index.html;https://audio-database.com/ONKYO/unit.JPG
Passive line selector;https://audio-database.com/PHILIPS/etc/index.html;https://audio-database.com/PHILIPS/etc.JPG
Cartridge;https://audio-database.com/PHILIPS/etc/index.html;https://audio-database.com/PHILIPS/etc.JPG
surround set;https://audio-database.com/PIONEER-EXCLUSIVE/surround/index.html;https://audio-database.com/PIONEER-EXCLUSIVE/surround.JPG
Cartridge;https://audio-database.com/PICKERING/etc/index.html;https://audio-database.com/PICKERING/etc.JPG
D/A Converter;https://audio-database.com/PROCEED/etc/index.html;https://audio-database.com/PROCEED/etc.JPG
MC Module;https://audio-database.com/QUAD/etc/index.html;https://audio-database.com/QUAD/etc.JPG
Monaural Converter;https://audio-database.com/QUAD/etc/index.html;https://audio-database.com/QUAD/etc.JPG
Speaker Stand;https://audio-database.com/QUAD/etc/index.html;https://audio-database.com/QUAD/etc.JPG
Sleeve;https://audio-database.com/QUAD/etc/index.html;https://audio-database.com/QUAD/etc.JPG
D/A Converter;https://audio-database.com/ROKSAN/etc/index.html;https://audio-database.com/ROKSAN/etc.JPG
Graphic Equalizer;https://audio-database.com/ROTEL/etc/index.html;https://audio-database.com/ROTEL/etc.JPG
Phono Equalizer;https://audio-database.com/ROTEL/etc/index.html;https://audio-database.com/ROTEL/etc.JPG
Passive Controller;https://audio-database.com/ROTEL/etc/index.html;https://audio-database.com/ROTEL/etc.JPG
Headphone;https://audio-database.com/ROTEL/etc/index.html;https://audio-database.com/ROTEL/etc.JPG
Speaker System;https://audio-database.com/SANSUI/speaker/index.html;https://audio-database.com/SANSUI/speaker.JPG
D/A converterChannel dividerSelectorOther;https://audio-database.com/SONY-ESPRIT/etc/index.html;https://audio-database.com/SONY-ESPRIT/etc.JPG
MC head amplifierCartridgeTurntableTone armOther Record Players;https://audio-database.com/SONY-ESPRIT/etc/index2.html;https://audio-database.com/SONY-ESPRIT/etc2.JPG
HeadphoneEarphone;https://audio-database.com/SONY-ESPRIT/etc/index3.html;https://audio-database.com/SONY-ESPRIT/headphone.JPG
D/A converterSurround processorTurntableOther;https://audio-database.com/TEAC-ESOTERIC/etc/index.html;https://audio-database.com/TEAC-ESOTERIC/etc.JPG
Surround setAudio system;https://audio-database.com/TechnicsPanasonic/surround/index.html;https://audio-database.com/TechnicsPanasonic/surround.JPG
EqualizerChannel dividerCartridge, record relatedOther;https://audio-database.com/TRIO-KENWOOD/etc/index.html;https://audio-database.com/TRIO-KENWOOD/etc.JPG
Headphones and earphones;https://audio-database.com/TRIO-KENWOOD/headphone/index.html;https://audio-database.com/TRIO-KENWOOD/headphone.JPG
Active speakerSurround speakerSpeaker set;https://audio-database.com/VICTOR/speaker(etc)/index.html;https://audio-database.com/VICTOR/speaker4.JPG
Enclosure kit;https://audio-database.com/VICTOR/unit/index.html;https://audio-database.com/VICTOR/unit.JPG
D/A Converter;https://audio-database.com/YAMAHA/etc/index.html;https://audio-database.com/YAMAHA/etc.JPG
Graphic equalizer;https://audio-database.com/YAMAHA/etc/index.html;https://audio-database.com/YAMAHA/etc.JPG
Processors;https://audio-database.com/YAMAHA/etc/index.html;https://audio-database.com/YAMAHA/etc.JPG
Selector, etc;https://audio-database.com/YAMAHA/etc/index.html;https://audio-database.com/YAMAHA/etc.JPG
Phono equalizer;https://audio-database.com/YAMAHA/etc/index2.html;https://audio-database.com/YAMAHA/etc2.JPG
Turntable;https://audio-database.com/YAMAHA/etc/index2.html;https://audio-database.com/YAMAHA/etc2.JPG
Tonearm;https://audio-database.com/YAMAHA/etc/index2.html;https://audio-database.com/YAMAHA/etc2.JPG
Cartridge;https://audio-database.com/YAMAHA/etc/index2.html;https://audio-database.com/YAMAHA/etc2.JPG
