CD Player;https://audio-database.com/ADC/player/index.html;https://audio-database.com/ADC/player.jpg
CD Player;https://audio-database.com/AKAI/player/index.html;https://audio-database.com/AKAI/player.JPG
Record Player;https://audio-database.com/AKAI/player/index.html;https://audio-database.com/AKAI/player.JPG
LD Player;https://audio-database.com/AKAI/player/index2.html;https://audio-database.com/AKAI/player2.JPG
DAT Deck;https://audio-database.com/AKAI/player/index2.html;https://audio-database.com/AKAI/player2.JPG
Cassette Deck;https://audio-database.com/AKAI/player/index3.html;https://audio-database.com/AKAI/player3.JPG
Tape Deck;https://audio-database.com/AKAI/player/index4.html;https://audio-database.com/AKAI/player4.JPG
8track Deck;https://audio-database.com/AKAI/player/index4.html;https://audio-database.com/AKAI/player4.JPG
Record Player;https://audio-database.com/AR/player/index.html;https://audio-database.com/AR/player.JPG
CD PlayerCD TransportDVD player;https://audio-database.com/ARCAM/player/index.html;https://audio-database.com/ARCAM/player.JPG
CD Player;https://audio-database.com/AUDIORESEARCH/player/index.html;https://audio-database.com/AUDIORESEARCH/player.jpg
DVD Plyaer;https://audio-database.com/AUREX/player/index.html;https://audio-database.com/AUREX/player.JPG
CD Player;https://audio-database.com/AUREX/player/index.html;https://audio-database.com/AUREX/player.JPG
Cassette deck;https://audio-database.com/AUREX/player/index2.html;https://audio-database.com/AUREX/player2.JPG
Tape Deck;https://audio-database.com/AUREX/player/index2.html;https://audio-database.com/AUREX/player2.JPG
8track Deck;https://audio-database.com/AUREX/player/index2.html;https://audio-database.com/AUREX/player2.JPG
Record Player;https://audio-database.com/AUREX/player/index3.html;https://audio-database.com/AUREX/player3.JPG
Record player;https://audio-database.com/BANGandOLUFSEN/player/index.html;https://audio-database.com/BANGandOLUFSEN/player.JPG
Cassette deck;https://audio-database.com/BELTEK/player/index.html;https://audio-database.com/BELTEK/player.JPG
CD Player, CD Recorder;https://audio-database.com/CEC/player/index.html;https://audio-database.com/CEC/player.JPG
CD Transport;https://audio-database.com/CEC/player/index.html;https://audio-database.com/CEC/player.JPG
Record Player;https://audio-database.com/CEC/player/index2.html;https://audio-database.com/CEC/player2.JPG
Record Player;https://audio-database.com/CORAL/player/index.html;https://audio-database.com/CORAL/player.JPG
CD Transport;https://audio-database.com/COUNTERPOINT/player/index.html;https://audio-database.com/COUNTERPOINT/player.JPG
CD Player;https://audio-database.com/DBX/player/index.html;https://audio-database.com/DBX/player.JPG
SACD Player;https://audio-database.com/DENON-COLUMBIA/player/index.html;https://audio-database.com/DENON-COLUMBIA/player.JPG
DVD Player;https://audio-database.com/DENON-COLUMBIA/player/index.html;https://audio-database.com/DENON-COLUMBIA/player.JPG
CD/HDD Audio System;https://audio-database.com/DENON-COLUMBIA/player/index.html;https://audio-database.com/DENON-COLUMBIA/player.JPG
CD Player;https://audio-database.com/DENON-COLUMBIA/player/index2.html;https://audio-database.com/DENON-COLUMBIA/player2.JPG
CD Transport;https://audio-database.com/DENON-COLUMBIA/player/index2.html;https://audio-database.com/DENON-COLUMBIA/player2.JPG
CD Recorder;https://audio-database.com/DENON-COLUMBIA/player/index2.html;https://audio-database.com/DENON-COLUMBIA/player2.JPG
MD Deck;https://audio-database.com/DENON-COLUMBIA/player/index3.html;https://audio-database.com/DENON-COLUMBIA/player3.JPG
DAT Deck;https://audio-database.com/DENON-COLUMBIA/player/index3.html;https://audio-database.com/DENON-COLUMBIA/player3.JPG
CD Player;https://audio-database.com/MITSUBISHI-DIATONE/player/index.html;https://audio-database.com/MITSUBISHI-DIATONE/player.JPG
Cassette Deck;https://audio-database.com/MITSUBISHI-DIATONE/player/index.html;https://audio-database.com/MITSUBISHI-DIATONE/player.JPG
Record Player;https://audio-database.com/MITSUBISHI-DIATONE/player/index2.html;https://audio-database.com/MITSUBISHI-DIATONE/player2.JPG
Tape Deck;https://audio-database.com/MITSUBISHI-DIATONE/player/index3.html;https://audio-database.com/MITSUBISHI-DIATONE/player3.JPG
8 Track Player;https://audio-database.com/MITSUBISHI-DIATONE/player/index3.html;https://audio-database.com/MITSUBISHI-DIATONE/player3.JPG
Record Player;https://audio-database.com/DUAL/player/index.html;https://audio-database.com/DUAL/player.JPG
Analog playerCD Player;https://audio-database.com/BARCO/player/index.html;https://audio-database.com/BARCO/player.JPG
CD Player;https://audio-database.com/Lo-D-HITACHI/player/index.html;https://audio-database.com/Lo-D-HITACHI/player.JPG
PCM Recorder;https://audio-database.com/Lo-D-HITACHI/player/index.html;https://audio-database.com/Lo-D-HITACHI/player.JPG
Record Player;https://audio-database.com/Lo-D-HITACHI/player/index.html;https://audio-database.com/Lo-D-HITACHI/player.JPG
CD Player;https://audio-database.com/LUXMAN/player/index.html;https://audio-database.com/LUXMAN/player.JPG
Cassette deck;https://audio-database.com/LUXMAN/player/index.html;https://audio-database.com/LUXMAN/player.JPG
Record Player;https://audio-database.com/LUXMAN/player/index.html;https://audio-database.com/LUXMAN/player.JPG
Player Equipment(Digital;https://audio-database.com/MARANTZ/player/index.html;https://audio-database.com/MARANTZ/player.JPG
Player Equipment(Analog;https://audio-database.com/MARANTZ/player/index2.html;https://audio-database.com/MARANTZ/player2.JPG
CD Player;https://audio-database.com/MCINTOSH/player/index.html;https://audio-database.com/MCINTOSH/player.JPG
SACD Player;https://audio-database.com/MCINTOSH/player/index.html;https://audio-database.com/MCINTOSH/player.JPG
CD Player;https://audio-database.com/MERIDIAN/player/index.html;https://audio-database.com/MERIDIAN/player.JPG
CD Player;https://audio-database.com/MICRO/player/index.html;https://audio-database.com/MICRO/player.JPG
Record Player;https://audio-database.com/MICRO/player/index.html;https://audio-database.com/MICRO/player.JPG
DVD Player;https://audio-database.com/NAKAMICHI/player/index.html;https://audio-database.com/NAKAMICHI/player.JPG
CD Player;https://audio-database.com/NAKAMICHI/player/index.html;https://audio-database.com/NAKAMICHI/player.JPG
DAT Deck;https://audio-database.com/NAKAMICHI/player/index.html;https://audio-database.com/NAKAMICHI/player.JPG
Record Player;https://audio-database.com/NAKAMICHI/player/index2.html;https://audio-database.com/NAKAMICHI/player2.JPG
Cassette Deck;https://audio-database.com/NAKAMICHI/player/index2.html;https://audio-database.com/NAKAMICHI/player2.JPG
Tape Deck;https://audio-database.com/NAKAMICHI/player/index2.html;https://audio-database.com/NAKAMICHI/player2.JPG
CD Player;https://audio-database.com/NEC/player/index.html;https://audio-database.com/NEC/player.JPG
DAT Deck;https://audio-database.com/NEC/player/index.html;https://audio-database.com/NEC/player.JPG
Cassette Deck;https://audio-database.com/NEC/player/index.html;https://audio-database.com/NEC/player.JPG
Record Player;https://audio-database.com/NEC/player/index.html;https://audio-database.com/NEC/player.JPG
Separate Amplifier;https://audio-database.com/ONKYO/amp/index4.html;https://audio-database.com/ONKYO/amp4.JPG
Receiver;https://audio-database.com/ONKYO/amp/index5.html;https://audio-database.com/ONKYO/amp5.JPG
AV Amplifier;https://audio-database.com/ONKYO/amp/index5.html;https://audio-database.com/ONKYO/amp5.JPG
Other Amplifier;https://audio-database.com/ONKYO/amp/index5.html;https://audio-database.com/ONKYO/amp5.JPG
CD Player;https://audio-database.com/PHILIPS/player/index.html;https://audio-database.com/PHILIPS/player.JPG
CD Recorder;https://audio-database.com/PHILIPS/player/index.html;https://audio-database.com/PHILIPS/player.JPG
Cassette deck;https://audio-database.com/PHILIPS/player/index2.html;https://audio-database.com/PHILIPS/player2.JPG
Tape deck;https://audio-database.com/PHILIPS/player/index2.html;https://audio-database.com/PHILIPS/player2.JPG
Record player;https://audio-database.com/PHILIPS/player/index3.html;https://audio-database.com/PHILIPS/player3.JPG
Universal Player;https://audio-database.com/PIONEER-EXCLUSIVE/player/index.html;https://audio-database.com/PIONEER-EXCLUSIVE/player.JPG
CD Player/Recorder;https://audio-database.com/PIONEER-EXCLUSIVE/player/index.html;https://audio-database.com/PIONEER-EXCLUSIVE/player.JPG
MD Deck;https://audio-database.com/PIONEER-EXCLUSIVE/player/index.html;https://audio-database.com/PIONEER-EXCLUSIVE/player.JPG
DAT Deck;https://audio-database.com/PIONEER-EXCLUSIVE/player/index.html;https://audio-database.com/PIONEER-EXCLUSIVE/player.JPG
Cassette Deck;https://audio-database.com/PIONEER-EXCLUSIVE/player/index2.html;https://audio-database.com/PIONEER-EXCLUSIVE/player2.JPG
Tape Deck;https://audio-database.com/PIONEER-EXCLUSIVE/player/index2.html;https://audio-database.com/PIONEER-EXCLUSIVE/player2.JPG
Record Player;https://audio-database.com/PIONEER-EXCLUSIVE/player/index3.html;https://audio-database.com/PIONEER-EXCLUSIVE/player3.JPG
Record Player;https://audio-database.com/PICKERING/player/index.html;https://audio-database.com/PICKERING/player.JPG
CD Player;https://audio-database.com/PRIMARE/player/index.html;https://audio-database.com/PRIMARE/player.JPG
DVD Transport;https://audio-database.com/PROCEED/player/index.html;https://audio-database.com/PROCEED/player.JPG
CD Player;https://audio-database.com/PROCEED/player/index.html;https://audio-database.com/PROCEED/player.JPG
CD Transport;https://audio-database.com/ROKSAN/player/index.html;https://audio-database.com/ROKSAN/player.JPG
CD Player;https://audio-database.com/ROTEL/player/index.html;https://audio-database.com/ROTEL/player.JPG
Record Player;https://audio-database.com/ROTEL/player/index.html;https://audio-database.com/ROTEL/player.JPG
Cassette Deck;https://audio-database.com/ROTEL/player/index.html;https://audio-database.com/ROTEL/player.JPG
AV Amplifier;https://audio-database.com/SANSUI/amp/index4.html;https://audio-database.com/SANSUI/amp4.JPG
Receiver;https://audio-database.com/SANSUI/amp/index4.html;https://audio-database.com/SANSUI/amp4.JPG
4ch Integrated Amplifier;https://audio-database.com/SANSUI/amp/index4.html;https://audio-database.com/SANSUI/amp4.JPG
4ch Receiver;https://audio-database.com/SANSUI/amp/index4.html;https://audio-database.com/SANSUI/amp4.JPG
Mixer Amplifier;https://audio-database.com/SANSUI/amp/index4.html;https://audio-database.com/SANSUI/amp4.JPG
SACD playerUniversal player;https://audio-database.com/SONY-ESPRIT/player/index7.html;https://audio-database.com/SONY-ESPRIT/player7.jpg
CD PlayerCD TransportOther;https://audio-database.com/SONY-ESPRIT/player/index.html;https://audio-database.com/SONY-ESPRIT/player.JPG
MD deck;https://audio-database.com/SONY-ESPRIT/player/index5.html;https://audio-database.com/SONY-ESPRIT/player5.jpg
DAT deck;https://audio-database.com/SONY-ESPRIT/player/index6.html;https://audio-database.com/SONY-ESPRIT/player6.jpg
Record player;https://audio-database.com/SONY-ESPRIT/player/index3.html;https://audio-database.com/SONY-ESPRIT/player3.JPG
Cassette deckEl Cassette Deck;https://audio-database.com/SONY-ESPRIT/player/index2.html;https://audio-database.com/SONY-ESPRIT/player2.JPG
Tape deck8 track deck;https://audio-database.com/SONY-ESPRIT/player/index4.html;https://audio-database.com/SONY-ESPRIT/player4.jpg
Universal playerSACD playerCD PlayerDAT deck;https://audio-database.com/TEAC-ESOTERIC/player/index.html;https://audio-database.com/TEAC-ESOTERIC/player.JPG
Cassette deckTape deckRecord player;https://audio-database.com/TEAC-ESOTERIC/player/index2.html;https://audio-database.com/TEAC-ESOTERIC/player2.JPG
Tape deck;https://audio-database.com/TEAC-ESOTERIC/player/index3.html;https://audio-database.com/TEAC-ESOTERIC/player3.JPG
CD PlayerDAT deckDCC DeckPCM recorder;https://audio-database.com/TechnicsPanasonic/player/index.html;https://audio-database.com/TechnicsPanasonic/player.JPG
Cassette deckTape deck;https://audio-database.com/TechnicsPanasonic/player/index2.html;https://audio-database.com/TechnicsPanasonic/player2.JPG
Record player;https://audio-database.com/TechnicsPanasonic/player/index3.html;https://audio-database.com/TechnicsPanasonic/player3.JPG
CD player and LD playerMD deck and DAT deck;https://audio-database.com/TRIO-KENWOOD/player/index.html;https://audio-database.com/TRIO-KENWOOD/player.JPG
Cassette deckTape deck;https://audio-database.com/TRIO-KENWOOD/player/index2.html;https://audio-database.com/TRIO-KENWOOD/player2.JPG
Record player;https://audio-database.com/TRIO-KENWOOD/player/index3.html;https://audio-database.com/TRIO-KENWOOD/player3.JPG
Digital equipment;https://audio-database.com/VICTOR/player/index.html;https://audio-database.com/VICTOR/player.JPG
Cassette Deck / Tape Deck;https://audio-database.com/VICTOR/player/index2.html;https://audio-database.com/VICTOR/player2.JPG
Record player;https://audio-database.com/VICTOR/player/index3.html;https://audio-database.com/VICTOR/player3.JPG
DVD Player;https://audio-database.com/YAMAHA/player/index.html;https://audio-database.com/YAMAHA/player.JPG
CD/LD Player;https://audio-database.com/YAMAHA/player/index.html;https://audio-database.com/YAMAHA/player.JPG
MD Deck;https://audio-database.com/YAMAHA/player/index.html;https://audio-database.com/YAMAHA/player.JPG
Cassette Deck;https://audio-database.com/YAMAHA/player/index2.html;https://audio-database.com/YAMAHA/player2.JPG
Record Player;https://audio-database.com/YAMAHA/player/index3.html;https://audio-database.com/YAMAHA/player3.JPG
