Speaker System;https://audio-database.com/AIWA/speaker/index.html;https://audio-database.com/AIWA/speaker.jpg
Active Speaker;https://audio-database.com/AIWA/speaker/index.html;https://audio-database.com/AIWA/speaker.jpg
Speaker System;https://audio-database.com/AKAI/speaker/index.html;https://audio-database.com/AKAI/speaker.JPG
Speaker system;https://audio-database.com/ALTEC/speaker/index.html;https://audio-database.com/ALTEC/speaker.JPG
subwoofer (speaker system;https://audio-database.com/ALTEC/speaker/index2.html;https://audio-database.com/ALTEC/speaker2.JPG
Active Speaker;https://audio-database.com/ALTEC/speaker/index2.html;https://audio-database.com/ALTEC/speaker2.JPG
speaker set;https://audio-database.com/ALTEC/speaker/index2.html;https://audio-database.com/ALTEC/speaker2.JPG
Speaker System;https://audio-database.com/AR/speaker/index.html;https://audio-database.com/AR/speaker.JPG
Center Speaker;https://audio-database.com/AR/speaker/index2.html;https://audio-database.com/AR/speaker2.JPG
Subwoofer;https://audio-database.com/AR/speaker/index2.html;https://audio-database.com/AR/speaker2.JPG
Speaker System;https://audio-database.com/ASHIDAVOX/speaker/index.html;https://audio-database.com/ASHIDAVOX/speaker.JPG
Speaker Unit;https://audio-database.com/ASHIDAVOX/unit/index.html;https://audio-database.com/ASHIDAVOX/unit.JPG
Speaker System;https://audio-database.com/ATC/speaker/index.html;https://audio-database.com/ATC/speaker.JPG
Active Speaker;https://audio-database.com/ATC/speaker/index.html;https://audio-database.com/ATC/speaker.JPG
5C;https://audio-database.com/AURATONE/speaker/5c-e.html;https://audio-database.com/AURATONE/speaker/sam5c.JPG
5C(改良型;https://audio-database.com/AURATONE/speaker/5cfresh.html;https://audio-database.com/AURATONE/speaker/sam5cfresh.jpg
5C(後期;https://audio-database.com/AURATONE/speaker/5c-2.html;https://audio-database.com/AURATONE/5C
5C-V;https://audio-database.com/AURATONE/speaker/5c-v-e.html;https://audio-database.com/AURATONE/5C-V
Speaker System;https://audio-database.com/AUREX/speaker/index.html;https://audio-database.com/AUREX/speaker.JPG
Speaker System;https://audio-database.com/BEVERIDGE/speaker/index.html;https://audio-database.com/BEVERIDGE/speaker.JPG
Speaker System;https://audio-database.com/BOSE/speaker/index.html;https://audio-database.com/BOSE/speaker.JPG
Subwoofer;https://audio-database.com/BOSE/speaker/index.html;https://audio-database.com/BOSE/speaker.JPG
Active Speaker;https://audio-database.com/BOSE/speaker/index.html;https://audio-database.com/BOSE/speaker.JPG
Speaker Set;https://audio-database.com/BOSE/speaker/index2.html;https://audio-database.com/BOSE/speaker2.JPG
Speaker System;https://audio-database.com/BOZAK/speaker/index.html;https://audio-database.com/BOZAK/speaker.JPG
Speaker System;https://audio-database.com/BandW/speaker/index.html;https://audio-database.com/BandW/speaker.JPG
Speaker System;https://audio-database.com/CEC/speaker/index.html;https://audio-database.com/CEC/speaker.JPG
Subwoofer;https://audio-database.com/CEC/speaker/index.html;https://audio-database.com/CEC/speaker.JPG
Speaker System;https://audio-database.com/CELESTION/speaker/index.html;https://audio-database.com/CELESTION/speaker.JPG
Speaker Unit;https://audio-database.com/CELESTION/unit/index.html;https://audio-database.com/CELESTION/unit.JPG
Speaker System;https://audio-database.com/CORAL/speaker/index.html;https://audio-database.com/CORAL/speaker.JPG
Full range unit;https://audio-database.com/CORAL/unit/index.html;https://audio-database.com/CORAL/unit.JPG
Coaxial Unit;https://audio-database.com/CORAL/unit/index2.html;https://audio-database.com/CORAL/unit2.JPG
Speaker System;https://audio-database.com/CRYSLER/speaker/index.html;https://audio-database.com/CRYSLER/speaker.JPG
Speaker System;https://audio-database.com/DBX/speaker/index.html;https://audio-database.com/DBX/speaker.JPG
FM/AM Tuner;https://audio-database.com/DENON-COLUMBIA/tuner/index.html;https://audio-database.com/DENON-COLUMBIA/tuner.JPG
CS-PCM Tuner;https://audio-database.com/DENON-COLUMBIA/tuner/index.html;https://audio-database.com/DENON-COLUMBIA/tuner.JPG
D-12A;https://audio-database.com/DESIGNACOUSTICS/speaker/d-12a-e.html;https://audio-database.com/DESIGNACOUSTICS/D-12A
DS Series(~70s;https://audio-database.com/MITSUBISHI-DIATONE/diatoneds/index.html;https://audio-database.com/MITSUBISHI-DIATONE/speaker.JPG
DS Series(80s;https://audio-database.com/MITSUBISHI-DIATONE/diatoneds/index2.html;https://audio-database.com/MITSUBISHI-DIATONE/speaker2.JPG
DS Series(90s;https://audio-database.com/MITSUBISHI-DIATONE/diatoneds/index3.html;https://audio-database.com/MITSUBISHI-DIATONE/speaker3.JPG
Loudspeaker;https://audio-database.com/DOKORDER/speaker/index.html;https://audio-database.com/DOKORDER/speaker.JPG
Speaker System;https://audio-database.com/DUAL/speaker/index.html;https://audio-database.com/DUAL/speaker.JPG
Speaker System;https://audio-database.com/DYNACO-SCANDYNA/speaker/index.html;https://audio-database.com/DYNACO-SCANDYNA/speaker.JPG
Speaker System;https://audio-database.com/ELECTRO-VOICE/speaker/index.html;https://audio-database.com/ELECTRO-VOICE/speaker.JPG
Full range unit;https://audio-database.com/ELECTRO-VOICE/unit/index.html;https://audio-database.com/ELECTRO-VOICE/unit.JPG
Coaxial unit;https://audio-database.com/ELECTRO-VOICE/unit/index.html;https://audio-database.com/ELECTRO-VOICE/unit.JPG
Woofer unit;https://audio-database.com/ELECTRO-VOICE/unit/index.html;https://audio-database.com/ELECTRO-VOICE/unit.JPG
Tweeter unit;https://audio-database.com/ELECTRO-VOICE/unit/index.html;https://audio-database.com/ELECTRO-VOICE/unit.JPG
Driver unit;https://audio-database.com/ELECTRO-VOICE/unit/index.html;https://audio-database.com/ELECTRO-VOICE/unit.JPG
Horn;https://audio-database.com/ELECTRO-VOICE/unit/index.html;https://audio-database.com/ELECTRO-VOICE/unit.JPG
Network;https://audio-database.com/ELECTRO-VOICE/unit/index.html;https://audio-database.com/ELECTRO-VOICE/unit.JPG
Attenuator;https://audio-database.com/ELECTRO-VOICE/unit/index.html;https://audio-database.com/ELECTRO-VOICE/unit.JPG
others;https://audio-database.com/ELECTRO-VOICE/unit/index.html;https://audio-database.com/ELECTRO-VOICE/unit.JPG
Speaker System;https://audio-database.com/ESS/speaker/index.html;https://audio-database.com/ESS/speaker.JPG
Speaker Unit;https://audio-database.com/ESS/unit/index.html;https://audio-database.com/ESS/unit.jpg
Speaker System;https://audio-database.com/ETONE/speaker/index.html;https://audio-database.com/ETONE/speaker.JPG
Speaker System;https://audio-database.com/FERROGRAPH/speaker/index.html;https://audio-database.com/FERROGRAPH/speaker.JPG
Speaker System;https://audio-database.com/FOSTER-FOSTEX/speaker/index.html;https://audio-database.com/FOSTER-FOSTEX/speaker.JPG
Active Speaker;https://audio-database.com/FOSTER-FOSTEX/speaker/index2.html;https://audio-database.com/FOSTER-FOSTEX/speaker2.JPG
Subwoofer;https://audio-database.com/FOSTER-FOSTEX/speaker/index3.html;https://audio-database.com/FOSTER-FOSTEX/speaker3.JPG
Woofer Unit;https://audio-database.com/GOTOUNIT/unit/index.html;https://audio-database.com/GOTOUNIT/unit.JPG
Driver Unit;https://audio-database.com/GOTOUNIT/unit/index.html;https://audio-database.com/GOTOUNIT/unit.JPG
Horn;https://audio-database.com/GOTOUNIT/unit/index.html;https://audio-database.com/GOTOUNIT/unit.JPG
Speaker System;https://audio-database.com/HARMAN_KARDON/speaker/index.html;https://audio-database.com/HARMAN_KARDON/speaker.JPG
Speaker System;https://audio-database.com/INAX/speaker/index.html;https://audio-database.com/INAX/speaker.JPG
Speaker System;https://audio-database.com/INFINITY/speaker/index.html;https://audio-database.com/INFINITY/speaker.JPG
Center Speaker;https://audio-database.com/INFINITY/speaker/index2.html;https://audio-database.com/INFINITY/speaker2.JPG
Subwoofer;https://audio-database.com/INFINITY/speaker/index2.html;https://audio-database.com/INFINITY/speaker2.JPG
Speaker System;https://audio-database.com/JBL/speaker/index.html;https://audio-database.com/JBL/speaker.JPG
Professional Series;https://audio-database.com/JBL/speaker/index.html;https://audio-database.com/JBL/speaker.JPG
Speaker System;https://audio-database.com/JBL/speaker/index2.html;https://audio-database.com/JBL/speaker2.JPG
consumer use;https://audio-database.com/JBL/speaker/index2.html;https://audio-database.com/JBL/speaker2.JPG
Center Speaker;https://audio-database.com/JBL/speaker/index3.html;https://audio-database.com/JBL/speaker3.JPG
Subwoofer;https://audio-database.com/JBL/speaker/index3.html;https://audio-database.com/JBL/speaker3.JPG
Mid-high range speaker;https://audio-database.com/JBL/speaker/index3.html;https://audio-database.com/JBL/speaker3.JPG
Speaker System;https://audio-database.com/KEF/speaker/index.html;https://audio-database.com/KEF/speaker.JPG
Speaker System;https://audio-database.com/KLIPSCH/speaker/index.html;https://audio-database.com/KLIPSCH/speaker.JPG
Speaker System;https://audio-database.com/LEAK/speaker/index.html;https://audio-database.com/LEAK/speaker.JPG
Speaker System;https://audio-database.com/LINN/speaker/index.html;https://audio-database.com/LINN/speaker.JPG
Subwoofer;https://audio-database.com/LINN/speaker/index.html;https://audio-database.com/LINN/speaker.JPG
Speaker System;https://audio-database.com/Lo-D-HITACHI/speaker/index.html;https://audio-database.com/Lo-D-HITACHI/speaker.JPG
Active Speaker;https://audio-database.com/Lo-D-HITACHI/speaker/index.html;https://audio-database.com/Lo-D-HITACHI/speaker.JPG
Speaker Unit;https://audio-database.com/Lo-D-HITACHI/unit/index.html;https://audio-database.com/Lo-D-HITACHI/unit.JPG
Speaker System;https://audio-database.com/LUXMAN/speaker/index.html;https://audio-database.com/LUXMAN/speaker.JPG
Speaker System;https://audio-database.com/LandB/speaker/index.html;https://audio-database.com/LandB/speaker.JPG
Speaker System;https://audio-database.com/MARANTZ/speaker/index.html;https://audio-database.com/MARANTZ/speaker.JPG
Active Speaker;https://audio-database.com/MARANTZ/speaker/index.html;https://audio-database.com/MARANTZ/speaker.JPG
Speaker System;https://audio-database.com/MAGNAT/speaker/index.html;https://audio-database.com/MAGNAT/speaker.JPG
Speaker System;https://audio-database.com/MAXONIC/speaker_unit/index.html;https://audio-database.com/MAXONIC/speaker.JPG
Speaker Unit;https://audio-database.com/MAXONIC/speaker_unit/index2.html;https://audio-database.com/MAXONIC/unit.JPG
Speaker System;https://audio-database.com/MCINTOSH/speaker/index.html;https://audio-database.com/MCINTOSH/speaker.JPG
Speaker System;https://audio-database.com/MERIDIAN/speaker/index.html;https://audio-database.com/MERIDIAN/speaker.JPG
Active Speaker;https://audio-database.com/MERIDIAN/speaker/index.html;https://audio-database.com/MERIDIAN/speaker.JPG
Speaker System;https://audio-database.com/MIRAGE/speaker/index.html;https://audio-database.com/MIRAGE/speaker.JPG
Speaker System;https://audio-database.com/NEC/speaker/index.html;https://audio-database.com/NEC/speaker.JPG
Speaker System;https://audio-database.com/NIKKA/speaker/index.html;https://audio-database.com/NIKKA/speaker.JPG
FM/AM Tuner;https://audio-database.com/ONKYO/tuner/index.html;https://audio-database.com/ONKYO/tuner.JPG
FM Tuner;https://audio-database.com/ONKYO/tuner/index.html;https://audio-database.com/ONKYO/tuner.JPG
CS Tuner;https://audio-database.com/ONKYO/tuner/index.html;https://audio-database.com/ONKYO/tuner.JPG
Speaker System;https://audio-database.com/PARAGONACOUSTICS/speaker/index.html;https://audio-database.com/PARAGONACOUSTICS/speaker.JPG
Speaker System;https://audio-database.com/PHILIPS/speaker/index.html;https://audio-database.com/PHILIPS/speaker.JPG
Active Speaker;https://audio-database.com/PHILIPS/speaker/index.html;https://audio-database.com/PHILIPS/speaker.JPG
Full range unit;https://audio-database.com/PHILIPS/unit/index.html;https://audio-database.com/PHILIPS/unit.JPG
Squawker unit;https://audio-database.com/PHILIPS/unit/index.html;https://audio-database.com/PHILIPS/unit.JPG
Tweeter unit;https://audio-database.com/PHILIPS/unit/index.html;https://audio-database.com/PHILIPS/unit.JPG
Speaker System;https://audio-database.com/PIONEER-EXCLUSIVE/speaker/index.html;https://audio-database.com/PIONEER-EXCLUSIVE/speaker.JPG
70s;https://audio-database.com/PIONEER-EXCLUSIVE/speaker/index.html;https://audio-database.com/PIONEER-EXCLUSIVE/speaker.JPG
Speaker System;https://audio-database.com/PIONEER-EXCLUSIVE/speaker/index2.html;https://audio-database.com/PIONEER-EXCLUSIVE/speaker2.JPG
80s;https://audio-database.com/PIONEER-EXCLUSIVE/speaker/index2.html;https://audio-database.com/PIONEER-EXCLUSIVE/speaker2.JPG
Speaker System;https://audio-database.com/PIONEER-EXCLUSIVE/speaker/index3.html;https://audio-database.com/PIONEER-EXCLUSIVE/speaker3.JPG
90s;https://audio-database.com/PIONEER-EXCLUSIVE/speaker/index3.html;https://audio-database.com/PIONEER-EXCLUSIVE/speaker3.JPG
Speaker System;https://audio-database.com/PLATINUM/speaker/index.html;https://audio-database.com/PLATINUM/speaker.JPG
Speaker System;https://audio-database.com/PMC/speaker/index.html;https://audio-database.com/PMC/speaker.JPG
Speaker System;https://audio-database.com/QUAD/speaker/index.html;https://audio-database.com/QUAD/speaker.JPG
Speaker System;https://audio-database.com/ROR/speaker/index.html;https://audio-database.com/ROR/speaker.JPG
Speaker System;https://audio-database.com/ROTEL/speaker/index.html;https://audio-database.com/ROTEL/speaker.JPG
FM/AM Tuner;https://audio-database.com/SANSUI/tuner/index.html;https://audio-database.com/SANSUI/tuner.JPG
Speaker System;https://audio-database.com/YAMAHA/speaker/index.html;https://audio-database.com/YAMAHA/speaker.JPG
Active Speaker;https://audio-database.com/YAMAHA/speaker/index2.html;https://audio-database.com/YAMAHA/speaker2.JPG
Center Speaker;https://audio-database.com/YAMAHA/speaker/index2.html;https://audio-database.com/YAMAHA/speaker2.JPG
Subwoofer;https://audio-database.com/YAMAHA/speaker/index2.html;https://audio-database.com/YAMAHA/speaker2.JPG
Speaker Unit;https://audio-database.com/YAMAHA/unit/index.html;https://audio-database.com/YAMAHA/speaker3.JPG
Network, Other;https://audio-database.com/YAMAHA/unit/index.html;https://audio-database.com/YAMAHA/speaker3.JPG
