TS-3000;https://audio-database.com/AMPLITON/amp/ts-3000.html;https://audio-database.com/AMPLITON/amp/samts-3000.jpg
TS-5000;https://audio-database.com/AMPLITON/amp/ts-5000.html;https://audio-database.com/AMPLITON/amp/samts-5000.jpg
CORELLI;https://audio-database.com/AUDIOANALOGUE/amp/corelli.html;https://audio-database.com/AUDIOANALOGUE/amp/samcorelli.jpg
V-1;https://audio-database.com/AYRE/amp/v-1.html;https://audio-database.com/AYRE/amp/samv-1.jpg
V-3;https://audio-database.com/AYRE/amp/v-3.html;https://audio-database.com/AYRE/amp/samv-3.jpg
V-3mkII;https://audio-database.com/AYRE/amp/v-3mkii.html;https://audio-database.com/AYRE/amp/samv-3mkii.jpg
V-5x;https://audio-database.com/AYRE/amp/v-5x.html;https://audio-database.com/AYRE/amp/samv-5x.jpg
WALRUS;https://audio-database.com/BOWTECHNOLOGIES/amp/walrus.html;https://audio-database.com/BOWTECHNOLOGIES/amp/samwalrus.jpg
3B-ST;https://audio-database.com/BRYSTON/amp/3b-st.html;https://audio-database.com/BRYSTON/amp/sam3b-st.jpg
4B-ST;https://audio-database.com/BRYSTON/amp/4b-st.html;https://audio-database.com/BRYSTON/amp/sam4b-st.jpg
14B-ST;https://audio-database.com/BRYSTON/amp/14b-st.html;https://audio-database.com/BRYSTON/amp/sam14b-st.jpg
Model878;https://audio-database.com/BURMESTER/amp/model878.html;https://audio-database.com/BURMESTER/amp/sammodel878.jpg
911mk3;https://audio-database.com/BURMESTER/amp/911mk3.html;https://audio-database.com/BURMESTER/amp/sam911mk3.jpg
A100;https://audio-database.com/CAMBRIDGE-AUDIO/amp/a100.html;https://audio-database.com/CAMBRIDGE-AUDIO/amp/sama100.jpg
M-4.0t;https://audio-database.com/CARVER/amp/m-4-0t.html;https://audio-database.com/CARVER/amp/samm-4-0t.JPG
M-200t;https://audio-database.com/CARVER/amp/m-200t.html;https://audio-database.com/CARVER/amp/samm-200t.jpg
Encore Power Amplifier;https://audio-database.com/CELLO/amp/encorepower.html;https://audio-database.com/CELLO/amp/samencorepower.jpg
RHAPSODY;https://audio-database.com/CELLO/amp/rhapsody.html;https://audio-database.com/CELLO/amp/samrhapsody.jpg
OMEGA PRE;https://audio-database.com/CLASSE/amp/omegapre.html;https://audio-database.com/CLASSE/amp/samomegapre.jpg
WADC-3200;https://audio-database.com/CONISIS/amp/wadc-3200.html;https://audio-database.com/CONISIS/amp/samwadc-3200.jpg
DB-6/DB-6M;https://audio-database.com/DBSYSTEMS/amp/db-6-e.html;https://audio-database.com/DBSYSTEMS/amp/samdb-6.JPG
